,customer_id,first_name,last_name,email,phone,dob,nationality,region,country_of_residence,occupation,customer_type,account_creation_date
0,CUST655,Jason,Simmons,jasonsimmons114@gmail.com,+917026855092,1992-07-17,Indain,Thrissur,United States,Working Professional,Regular,2023-01-20
1,CUST143,Robert,Stewart,robertstewart754@gmail.com,+917110053353,1972-04-01,Indain,Pathanamthitta,Belgium,Student,New,2022-08-28
2,CUST433,Michael,Turner,michaelturner32@gmail.com,+917031994523,1994-09-25,Indain,Ernakulam,Malaysia,Working Professional,New,2022-09-22
3,CUST617,Alexander,Benson,alexanderbenson27@gmail.com,+917602632297,1999-07-25,Indain,Kannur,Denmark,Retired,Regular,2024-06-01
4,CUST460,Megan,Tran,megantran603@gmail.com,+917298704996,1994-08-29,Indain,Thiruvananthapuram,United Arab Emirates,Working Professional,New,2024-09-22
5,CUST433,Brenda,Peterson,brendapeterson348@gmail.com,+917298362082,1967-09-21,Indain,Idukki,Malaysia,Business,Regular,2023-05-18
6,CUST95,Mark,Walker,markwalker389@gmail.com,+917103848421,1973-08-23,Indain,Kollam,Australia,Business,Regular,2021-01-16
7,CUST748,David,Mendez,davidmendez470@gmail.com,+917575770529,1994-02-20,Indain,Ernakulam,South Africa,Student,New,2020-08-10
8,CUST301,Daniel,Soto,danielsoto849@gmail.com,+917674996843,1973-10-31,Indain,Palakkad,Australia,Working Professional,New,2020-12-17
9,CUST72,Natalie,Carpenter,nataliecarpenter46@gmail.com,+917710026086,1985-12-03,Indain,Kannur,Austria,Business,Regular,2020-03-02
10,CUST239,Alexis,Joseph,alexisjoseph887@gmail.com,+917108449460,1991-06-25,Indain,Kottayam,United States,Retired,New,2022-11-11
11,CUST374,Jasmine,Johnson,jasminejohnson166@gmail.com,+917397478786,2006-05-18,Indain,Kollam,Malaysia,Business,New,2021-05-02
12,CUST700,Heather,Sanchez,heathersanchez663@gmail.com,+917076667861,1971-05-10,Indain,Palakkad,Switzerland,Working Professional,New,2023-06-14
13,CUST747,Luke,Kim,lukekim250@gmail.com,+917175452091,1975-10-26,Indain,Kozhikode,South Africa,Business,New,2022-04-18
14,CUST705,Nancy,Sanchez,nancysanchez570@gmail.com,+917235809993,1966-01-27,Indain,Pathanamthitta,Canada,Student,Regular,2023-08-19
15,CUST33,Antonio,Mahoney,antoniomahoney824@gmail.com,+917338715135,2000-05-13,Indain,Kottayam,United States,Student,Regular,2023-01-25
16,CUST581,Cory,Richmond,coryrichmond897@gmail.com,+917770854579,2001-12-14,Indain,Kollam,Malaysia,Retired,VIP,2023-04-13
17,CUST659,Kelsey,Fisher,kelseyfisher469@gmail.com,+917153407200,1985-01-06,Indain,Kasaragod,Oman,Working Professional,New,2023-04-28
18,CUST575,Kevin,Adams,kevinadams551@gmail.com,+917282116655,2003-09-17,Indain,Thrissur,Sweden,Retired,New,2020-03-11
19,CUST409,Matthew,Lynch,matthewlynch370@gmail.com,+917235493870,1969-10-18,Indain,Idukki,France,Retired,Regular,2020-06-25
20,CUST49,Nancy,Johnson,nancyjohnson881@gmail.com,+917117734861,1999-12-08,Indain,Idukki,Switzerland,Working Professional,New,2021-01-10
21,CUST433,Sandra,Myers,sandramyers610@gmail.com,+917068212356,1986-05-22,Indain,Kottayam,South Africa,Retired,New,2023-03-01
22,CUST258,Mary,Jordan,maryjordan994@gmail.com,+917594021782,1991-03-10,Indain,Wayanad,United Arab Emirates,Student,New,2020-05-26
23,CUST550,Kathryn,Palmer,kathrynpalmer768@gmail.com,+917286501362,1993-01-29,Indain,Thiruvananthapuram,Switzerland,Business,Regular,2025-04-01
24,CUST301,Jessica,Navarro,jessicanavarro445@gmail.com,+917169820594,1974-07-15,Indain,Kozhikode,United Arab Emirates,Business,New,2020-10-28
25,CUST183,Eric,Turner,ericturner519@gmail.com,+917979926683,1967-07-26,Indain,Ernakulam,Switzerland,Business,New,2024-04-13
26,CUST520,John,Reilly,johnreilly623@gmail.com,+917213579170,2001-12-31,Indain,Idukki,Australia,Working Professional,New,2021-10-19
27,CUST544,Rebecca,Stewart,rebeccastewart940@gmail.com,+917000614068,1967-01-31,Indain,Palakkad,Canada,Retired,Regular,2024-04-21
28,CUST115,Joseph,Mcknight,josephmcknight951@gmail.com,+917389747629,2003-03-09,Indain,Wayanad,Luxembourg,Business,Regular,2020-07-09
29,CUST60,Carl,Manning,carlmanning246@gmail.com,+917942755630,1981-05-23,Indain,Palakkad,Kuwait,Student,New,2020-06-21
30,CUST498,Michelle,Boyer,michelleboyer835@gmail.com,+917074316370,1992-04-24,Indain,Thiruvananthapuram,Netherlands,Working Professional,Regular,2021-05-03
31,CUST676,Zachary,Harris,zacharyharris486@gmail.com,+917590347116,1971-07-03,Indain,Idukki,United States,Retired,Regular,2021-03-25
32,CUST553,Lisa,Bentley,lisabentley773@gmail.com,+917783757514,1988-09-09,Indain,Thrissur,Malaysia,Business,VIP,2020-04-06
33,CUST688,Selena,Chaney,selenachaney665@gmail.com,+917400957212,1964-11-13,Indain,Kozhikode,France,Retired,Regular,2021-12-24
34,CUST254,Robert,Adams,robertadams230@gmail.com,+917068747287,2002-04-01,Indain,Kollam,United Arab Emirates,Working Professional,New,2022-10-11
35,CUST226,Hannah,Perkins,hannahperkins7@gmail.com,+917076228245,1988-02-27,Indain,Thrissur,Switzerland,Student,Regular,2025-03-02
36,CUST70,Ronald,Davis,ronalddavis927@gmail.com,+917033729406,1997-06-03,Indain,Wayanad,Canada,Student,New,2023-01-08
37,CUST244,Deanna,Erickson,deannaerickson285@gmail.com,+917718309417,2005-11-18,Indain,Kozhikode,Malaysia,Working Professional,New,2024-09-28
38,CUST585,Elizabeth,Wilkinson,elizabethwilkinson590@gmail.com,+917507526654,1977-09-12,Indain,Kannur,Luxembourg,Retired,VIP,2024-10-05
39,CUST195,Kyle,Brown,kylebrown96@gmail.com,+917104078666,1979-08-20,Indain,Pathanamthitta,Jordan,Business,VIP,2020-02-09
40,CUST421,Amy,Willis,amywillis478@gmail.com,+917927537643,1968-05-19,Indain,Thrissur,Saudi Arabia,Student,Regular,2024-02-08
41,CUST413,David,Evans,davidevans745@gmail.com,+917364323393,1968-05-17,Indain,Thiruvananthapuram,Qatar,Working Professional,Regular,2024-03-12
42,CUST195,Ashley,Mccoy,ashleymccoy549@gmail.com,+917481695135,1985-04-20,Indain,Idukki,Jordan,Working Professional,VIP,2023-05-25
43,CUST474,Erika,Richard,erikarichard255@gmail.com,+917938972143,1966-12-27,Indain,Ernakulam,Italy,Student,Regular,2020-07-31
44,CUST668,Christopher,Ortiz,christopherortiz553@gmail.com,+917897677788,1973-12-24,Indain,Alappuzha,Kuwait,Working Professional,Regular,2025-02-22
45,CUST417,Madison,Johnson,madisonjohnson497@gmail.com,+917516854671,1966-06-03,Indain,Kannur,South Africa,Student,Regular,2020-09-13
46,CUST389,Brian,Lee,brianlee2@gmail.com,+917419212169,1981-05-02,Indain,Kasaragod,Luxembourg,Retired,VIP,2024-05-01
47,CUST434,Patricia,Waters,patriciawaters713@gmail.com,+917784374109,2005-03-11,Indain,Thiruvananthapuram,Netherlands,Retired,Regular,2023-11-10
48,CUST195,Samuel,Hayes,samuelhayes303@gmail.com,+917233754555,1993-03-11,Indain,Alappuzha,Sweden,Student,New,2022-05-15
49,CUST322,Amber,Norton,ambernorton58@gmail.com,+917053839920,1967-10-22,Indain,Palakkad,Germany,Working Professional,Regular,2021-07-11
50,CUST521,Ricky,Callahan,rickycallahan82@gmail.com,+917914122100,1971-11-13,Indain,Idukki,Kuwait,Student,New,2023-07-21
51,CUST241,Nicole,White,nicolewhite413@gmail.com,+917128727266,1999-07-29,Indain,Palakkad,Singapore,Student,New,2023-12-25
52,CUST84,Taylor,Morse,taylormorse429@gmail.com,+917705849060,1971-10-04,Indain,Palakkad,Sweden,Business,VIP,2024-04-28
53,CUST210,Chad,Mitchell,chadmitchell685@gmail.com,+917769005091,1972-11-15,Indain,Kollam,Singapore,Business,VIP,2023-01-23
54,CUST135,Thomas,Gibbs,thomasgibbs687@gmail.com,+917693101194,2001-11-26,Indain,Kasaragod,Italy,Business,Regular,2020-01-25
55,CUST10,Jasmine,Davis,jasminedavis469@gmail.com,+917666964667,1990-06-30,Indain,Palakkad,Qatar,Student,New,2020-01-30
56,CUST219,Erin,Anderson,erinanderson518@gmail.com,+917284756779,1977-10-31,Indain,Idukki,Australia,Student,Regular,2021-05-11
57,CUST379,Robert,Smith,robertsmith291@gmail.com,+917169379374,1996-09-23,Indain,Kozhikode,Greece,Business,New,2022-11-28
58,CUST670,Timothy,Reyes,timothyreyes541@gmail.com,+917008399996,2004-04-07,Indain,Pathanamthitta,Greece,Business,New,2020-01-07
59,CUST107,Heather,White,heatherwhite961@gmail.com,+917942881649,1980-06-02,Indain,Idukki,United States,Student,Regular,2025-01-13
60,CUST567,Hayley,Kelly,hayleykelly159@gmail.com,+917292431670,1997-08-21,Indain,Kasaragod,Norway,Working Professional,New,2023-11-01
61,CUST352,Robert,Johnson,robertjohnson208@gmail.com,+917738194420,1998-06-12,Indain,Pathanamthitta,United States,Retired,VIP,2024-06-10
62,CUST53,Christine,Griffin,christinegriffin94@gmail.com,+917681057736,1985-05-06,Indain,Kottayam,Greece,Business,Regular,2021-08-20
63,CUST4,Mark,Nelson,marknelson341@gmail.com,+917827982963,1965-04-25,Indain,Idukki,Switzerland,Business,Regular,2023-09-18
64,CUST453,Charles,Cook,charlescook564@gmail.com,+917757704655,1967-08-17,Indain,Kottayam,Netherlands,Student,Regular,2020-08-06
65,CUST78,Maria,Harris,mariaharris967@gmail.com,+917948228268,1976-11-23,Indain,Thrissur,Oman,Student,VIP,2024-12-12
66,CUST597,Christopher,Powers,christopherpowers565@gmail.com,+917159014493,2002-10-21,Indain,Kottayam,Oman,Student,VIP,2020-01-24
67,CUST374,Leon,Villegas,leonvillegas920@gmail.com,+917854829815,1983-04-27,Indain,Wayanad,Saudi Arabia,Business,Regular,2022-08-20
68,CUST699,Bethany,Payne,bethanypayne255@gmail.com,+917716114302,1998-04-02,Indain,Ernakulam,Australia,Retired,New,2021-10-06
69,CUST159,Michael,Saunders,michaelsaunders947@gmail.com,+917998452141,1969-12-03,Indain,Kannur,Bahrain,Working Professional,VIP,2022-04-18
70,CUST26,Lisa,Nicholson,lisanicholson183@gmail.com,+917790880074,1978-10-12,Indain,Kollam,Luxembourg,Retired,New,2022-07-08
71,CUST255,Thomas,Wilson,thomaswilson273@gmail.com,+917170937380,1983-12-28,Indain,Thiruvananthapuram,Denmark,Student,VIP,2021-08-26
72,CUST40,Paul,Walsh,paulwalsh879@gmail.com,+917505399561,2001-03-07,Indain,Kannur,Malaysia,Retired,VIP,2020-04-08
73,CUST313,Micheal,Hunt,michealhunt840@gmail.com,+917853995721,1974-01-15,Indain,Wayanad,Singapore,Working Professional,Regular,2025-01-27
74,CUST676,Brenda,Zimmerman,brendazimmerman197@gmail.com,+917427849588,1997-08-20,Indain,Kollam,United States,Student,VIP,2023-01-28
75,CUST360,Cody,Valdez,codyvaldez656@gmail.com,+917546970178,2000-04-18,Indain,Kottayam,Ireland,Business,Regular,2023-10-15
76,CUST119,Lawrence,Johnson,lawrencejohnson898@gmail.com,+917280477683,1985-01-28,Indain,Idukki,Sweden,Business,Regular,2024-09-10
77,CUST112,Kenneth,Hammond,kennethhammond610@gmail.com,+917466609283,1977-10-11,Indain,Kollam,Belgium,Business,VIP,2022-04-09
78,CUST621,Karl,Stephens,karlstephens523@gmail.com,+917124173718,1985-12-26,Indain,Kottayam,Sweden,Working Professional,VIP,2023-03-27
79,CUST46,Margaret,Hale,margarethale725@gmail.com,+917468213197,1966-07-17,Indain,Alappuzha,France,Working Professional,VIP,2025-02-28
80,CUST442,Gregory,Haney,gregoryhaney71@gmail.com,+917713219781,1966-08-29,Indain,Kollam,Norway,Business,New,2020-09-17
81,CUST128,Robert,Ayers,robertayers737@gmail.com,+917966417932,1977-02-05,Indain,Kasaragod,France,Business,New,2022-10-23
82,CUST419,Peter,Quinn,peterquinn334@gmail.com,+917432074125,1979-09-29,Indain,Thrissur,United Kingdom,Working Professional,Regular,2025-01-04
83,CUST431,Eric,Brown,ericbrown680@gmail.com,+917407104143,1977-10-26,Indain,Pathanamthitta,Belgium,Working Professional,New,2020-04-15
84,CUST583,Clifford,Jones,cliffordjones308@gmail.com,+917436019893,1997-02-03,Indain,Malappuram,Greece,Student,VIP,2024-09-18
85,CUST294,Bethany,Burns,bethanyburns215@gmail.com,+917461588882,1968-11-26,Indain,Thiruvananthapuram,Sweden,Business,VIP,2025-02-20
86,CUST453,Heather,Rosales,heatherrosales452@gmail.com,+917725449223,1978-12-22,Indain,Kannur,France,Retired,New,2020-07-19
87,CUST174,Lauren,Snyder,laurensnyder674@gmail.com,+917091048514,1977-05-15,Indain,Kasaragod,France,Business,Regular,2020-09-12
88,CUST241,Alexandra,Wright,alexandrawright688@gmail.com,+917333310361,1992-07-24,Indain,Kannur,Luxembourg,Working Professional,Regular,2020-05-20
89,CUST26,Carrie,Jones,carriejones47@gmail.com,+917262897676,2003-02-22,Indain,Kozhikode,Norway,Student,VIP,2023-11-15
90,CUST425,Lynn,Berry,lynnberry907@gmail.com,+917676205431,1968-06-09,Indain,Palakkad,Malaysia,Retired,VIP,2023-10-05
91,CUST410,Rachel,Brown,rachelbrown249@gmail.com,+917158453521,1995-10-01,Indain,Pathanamthitta,Denmark,Student,Regular,2024-10-07
92,CUST436,Jesse,Anderson,jesseanderson224@gmail.com,+917188856883,1988-10-11,Indain,Thiruvananthapuram,Denmark,Retired,Regular,2021-11-26
93,CUST571,Tara,Flores,taraflores255@gmail.com,+917985125921,2001-07-04,Indain,Wayanad,Qatar,Retired,Regular,2022-11-29
94,CUST476,Timothy,Estrada,timothyestrada683@gmail.com,+917570298515,1966-03-20,Indain,Malappuram,Norway,Business,VIP,2020-01-10
95,CUST628,Joanne,Harding,joanneharding834@gmail.com,+917772314530,1991-07-10,Indain,Malappuram,Jordan,Retired,Regular,2024-09-27
96,CUST487,Harry,Jones,harryjones460@gmail.com,+917278304807,2004-08-20,Indain,Thiruvananthapuram,Singapore,Business,New,2023-03-29
97,CUST497,Brenda,Bryan,brendabryan641@gmail.com,+917256888294,1977-08-10,Indain,Kasaragod,Italy,Student,New,2024-10-09
98,CUST293,Corey,Grant,coreygrant240@gmail.com,+917291751878,1980-03-10,Indain,Kollam,Canada,Student,Regular,2024-10-12
99,CUST155,Kathleen,Johnson,kathleenjohnson236@gmail.com,+917411281012,1996-02-15,Indain,Thrissur,Oman,Working Professional,Regular,2022-03-20
100,CUST425,Kevin,Glenn,kevinglenn417@gmail.com,+917355281184,1994-04-23,Indain,Malappuram,Italy,Retired,Regular,2022-09-26
101,CUST212,Linda,Gutierrez,lindagutierrez852@gmail.com,+917451125671,2002-07-18,Indain,Kottayam,Austria,Student,New,2023-05-22
102,CUST390,Lauren,Rogers,laurenrogers488@gmail.com,+917006330865,2002-10-23,Indain,Kollam,United Kingdom,Retired,VIP,2025-01-06
103,CUST552,Jessica,Keller,jessicakeller765@gmail.com,+917788807316,1972-04-25,Indain,Malappuram,Luxembourg,Working Professional,VIP,2020-07-12
104,CUST225,Elizabeth,Hall,elizabethhall279@gmail.com,+917467975319,1977-08-22,Indain,Kozhikode,United Arab Emirates,Retired,VIP,2021-01-22
105,CUST685,Kayla,Baker,kaylabaker695@gmail.com,+917856998797,2005-04-15,Indain,Kottayam,Belgium,Working Professional,VIP,2023-01-24
106,CUST131,Joshua,Mckee,joshuamckee637@gmail.com,+917573510887,1998-05-11,Indain,Alappuzha,South Africa,Student,Regular,2021-01-05
107,CUST659,Gina,Wong,ginawong438@gmail.com,+917145706210,1999-09-04,Indain,Wayanad,Italy,Working Professional,Regular,2024-07-18
108,CUST267,Randy,Henry,randyhenry388@gmail.com,+917351492250,1986-06-25,Indain,Kannur,Italy,Business,VIP,2022-09-23
109,CUST389,Megan,Wright,meganwright284@gmail.com,+917807464398,1980-07-27,Indain,Wayanad,Jordan,Business,Regular,2024-03-01
110,CUST482,David,Garza,davidgarza19@gmail.com,+917804258674,1980-03-13,Indain,Malappuram,Saudi Arabia,Business,Regular,2024-12-21
111,CUST666,Benjamin,Garcia,benjamingarcia70@gmail.com,+917838842599,2004-01-06,Indain,Pathanamthitta,Saudi Arabia,Student,Regular,2020-01-25
112,CUST205,Cynthia,Smith,cynthiasmith859@gmail.com,+917021882877,1982-06-25,Indain,Palakkad,Oman,Working Professional,Regular,2020-10-11
113,CUST485,Ruth,Perez,ruthperez685@gmail.com,+917122824732,1995-12-25,Indain,Palakkad,Malaysia,Retired,New,2020-08-01
114,CUST263,Jerry,Sims,jerrysims785@gmail.com,+917396098177,1986-02-27,Indain,Idukki,Norway,Student,Regular,2022-04-15
115,CUST319,Eric,Nguyen,ericnguyen110@gmail.com,+917621358005,1981-01-21,Indain,Alappuzha,United Kingdom,Retired,VIP,2022-02-16
116,CUST733,Christina,Black,christinablack203@gmail.com,+917081600593,1982-06-13,Indain,Palakkad,Denmark,Working Professional,Regular,2020-09-21
117,CUST714,Bradley,Hampton,bradleyhampton791@gmail.com,+917323821937,1976-06-13,Indain,Wayanad,Ireland,Student,New,2022-09-16
118,CUST43,Christina,Hubbard,christinahubbard355@gmail.com,+917572030854,1971-10-02,Indain,Kottayam,Ireland,Business,Regular,2023-08-19
119,CUST519,Richard,Mack,richardmack663@gmail.com,+917366394187,1979-12-03,Indain,Alappuzha,Jordan,Retired,Regular,2021-11-07
120,CUST444,Kathleen,Kennedy,kathleenkennedy983@gmail.com,+917388896443,1991-05-29,Indain,Pathanamthitta,Greece,Retired,New,2023-01-05
121,CUST157,James,Evans,jamesevans445@gmail.com,+917189125618,2005-09-30,Indain,Thrissur,France,Business,New,2020-03-24
122,CUST552,Samuel,Ward,samuelward793@gmail.com,+917519151495,1988-11-04,Indain,Kozhikode,Jordan,Business,VIP,2022-01-28
123,CUST252,Theresa,Silva,theresasilva850@gmail.com,+917093053577,1988-06-27,Indain,Kasaragod,Italy,Working Professional,VIP,2020-06-05
124,CUST584,Kara,Hines,karahines624@gmail.com,+917717461907,1965-05-06,Indain,Kottayam,Canada,Student,VIP,2024-03-21
125,CUST333,Zachary,Smith,zacharysmith186@gmail.com,+917523502759,2001-01-06,Indain,Kannur,Australia,Business,VIP,2021-08-31
126,CUST287,Amy,Irwin,amyirwin901@gmail.com,+917640116562,1997-09-29,Indain,Thrissur,United States,Student,New,2021-11-06
127,CUST196,Richard,Miller,richardmiller87@gmail.com,+917259154084,1975-01-20,Indain,Thrissur,Jordan,Retired,New,2025-01-15
128,CUST247,Rachel,Keller,rachelkeller707@gmail.com,+917511201082,1991-01-18,Indain,Pathanamthitta,Denmark,Retired,VIP,2022-10-31
129,CUST18,Joshua,Peters,joshuapeters95@gmail.com,+917315933049,1988-07-27,Indain,Kannur,South Africa,Working Professional,VIP,2022-10-08
130,CUST680,Nicholas,Sawyer,nicholassawyer595@gmail.com,+917396232693,1989-03-07,Indain,Kozhikode,Netherlands,Business,VIP,2022-02-04
131,CUST564,Melanie,Farmer,melaniefarmer338@gmail.com,+917377753674,2005-03-04,Indain,Thrissur,Italy,Business,VIP,2021-06-15
132,CUST258,James,Singh,jamessingh236@gmail.com,+917129553265,1981-01-07,Indain,Thrissur,Malaysia,Business,Regular,2022-07-18
133,CUST549,Shari,Bates,sharibates973@gmail.com,+917818394863,1981-07-15,Indain,Thrissur,Bahrain,Working Professional,Regular,2023-04-17
134,CUST496,Andrew,Wright,andrewwright283@gmail.com,+917778017216,1971-12-25,Indain,Palakkad,Austria,Business,Regular,2022-12-21
135,CUST199,Tyler,Simpson,tylersimpson303@gmail.com,+917244258191,1972-02-07,Indain,Kollam,Bahrain,Business,Regular,2024-10-29
136,CUST726,David,Rivas,davidrivas546@gmail.com,+917135917419,2006-07-22,Indain,Kasaragod,Saudi Arabia,Student,New,2021-12-21
137,CUST300,Gabriella,Wolfe,gabriellawolfe714@gmail.com,+917135591568,1983-05-24,Indain,Pathanamthitta,Austria,Retired,Regular,2023-04-30
138,CUST13,Jesse,Chapman,jessechapman587@gmail.com,+917305307028,1987-11-28,Indain,Kozhikode,Germany,Retired,VIP,2020-01-09
139,CUST189,Patricia,Mueller,patriciamueller988@gmail.com,+917055165334,1969-04-18,Indain,Kasaragod,Germany,Student,Regular,2023-01-04
140,CUST411,Ryan,Carrillo,ryancarrillo503@gmail.com,+917079545125,1978-05-16,Indain,Palakkad,Switzerland,Student,Regular,2020-07-20
141,CUST153,Rachel,Davis,racheldavis830@gmail.com,+917604344408,1975-10-22,Indain,Kasaragod,Kuwait,Working Professional,Regular,2023-04-03
142,CUST572,James,Johnson,jamesjohnson782@gmail.com,+917446863451,2006-04-09,Indain,Palakkad,Norway,Working Professional,New,2020-11-15
143,CUST390,David,Horne,davidhorne461@gmail.com,+917975499151,1994-05-27,Indain,Kozhikode,United Kingdom,Retired,VIP,2022-08-20
144,CUST583,Susan,Gordon,susangordon635@gmail.com,+917064671796,1977-02-28,Indain,Palakkad,Belgium,Student,Regular,2020-10-23
145,CUST641,Noah,Powell,noahpowell216@gmail.com,+917284161612,2003-02-20,Indain,Pathanamthitta,Kuwait,Working Professional,Regular,2020-12-05
146,CUST178,Laura,Avery,lauraavery565@gmail.com,+917080600295,2001-12-18,Indain,Idukki,United Arab Emirates,Retired,VIP,2020-09-11
147,CUST706,Justin,Stewart,justinstewart608@gmail.com,+917504564682,2001-08-12,Indain,Kasaragod,Saudi Arabia,Working Professional,VIP,2022-10-31
148,CUST724,Elizabeth,Martinez,elizabethmartinez289@gmail.com,+917754827139,2007-03-28,Indain,Wayanad,Italy,Student,New,2021-07-03
149,CUST240,Dominique,Smith,dominiquesmith946@gmail.com,+917284063364,1983-06-28,Indain,Thiruvananthapuram,Luxembourg,Working Professional,VIP,2022-08-13
150,CUST118,David,Perry,davidperry557@gmail.com,+917241387305,1986-10-14,Indain,Pathanamthitta,Oman,Business,Regular,2022-10-08
151,CUST74,Wayne,Perry,wayneperry61@gmail.com,+917178158234,1987-08-05,Indain,Thiruvananthapuram,United Kingdom,Business,VIP,2024-10-20
152,CUST128,Matthew,Maynard,matthewmaynard479@gmail.com,+917739462365,1973-04-22,Indain,Kasaragod,Denmark,Retired,VIP,2021-06-17
153,CUST513,Barbara,Johnson,barbarajohnson552@gmail.com,+917530208579,2006-12-17,Indain,Kozhikode,Kuwait,Student,VIP,2020-03-08
154,CUST331,Drew,Gardner,drewgardner618@gmail.com,+917268830491,1993-02-01,Indain,Alappuzha,Kuwait,Working Professional,New,2024-10-27
155,CUST590,Sarah,Williams,sarahwilliams601@gmail.com,+917022275263,1965-04-23,Indain,Thiruvananthapuram,Ireland,Business,New,2022-07-17
156,CUST42,Amanda,Jones,amandajones781@gmail.com,+917812037475,1969-05-25,Indain,Idukki,Germany,Retired,VIP,2020-09-07
157,CUST186,Carol,Martinez,carolmartinez599@gmail.com,+917468027936,1984-01-17,Indain,Pathanamthitta,Greece,Retired,Regular,2021-10-31
158,CUST482,Elizabeth,Chambers,elizabethchambers356@gmail.com,+917438460431,2004-02-04,Indain,Kollam,Canada,Student,Regular,2022-04-28
159,CUST338,Jeffrey,Meyer,jeffreymeyer421@gmail.com,+917744826434,1994-09-07,Indain,Kozhikode,United Kingdom,Retired,New,2020-01-29
160,CUST38,Lindsey,Evans,lindseyevans465@gmail.com,+917094553481,1974-11-07,Indain,Kollam,United States,Business,Regular,2021-11-06
161,CUST414,Brandon,Jackson,brandonjackson885@gmail.com,+917552543518,1974-05-29,Indain,Wayanad,United Arab Emirates,Retired,VIP,2020-10-20
162,CUST56,Ryan,Lloyd,ryanlloyd192@gmail.com,+917556670062,2003-06-09,Indain,Kollam,Norway,Retired,New,2022-11-07
163,CUST453,Amanda,Malone,amandamalone778@gmail.com,+917055417727,1970-02-24,Indain,Kannur,United States,Working Professional,VIP,2022-04-28
164,CUST449,Emily,Rivera,emilyrivera901@gmail.com,+917749740261,2002-02-01,Indain,Kozhikode,Qatar,Student,New,2024-01-13
165,CUST624,Rebecca,Day,rebeccaday818@gmail.com,+917256943695,2006-10-21,Indain,Thrissur,Bahrain,Business,New,2023-11-07
166,CUST15,Kaitlin,Hale,kaitlinhale565@gmail.com,+917438076670,2003-03-09,Indain,Ernakulam,Singapore,Student,VIP,2024-08-09
167,CUST121,Dawn,Barrera,dawnbarrera663@gmail.com,+917893506934,2006-02-06,Indain,Idukki,Germany,Business,New,2021-05-01
168,CUST723,Colton,Jones,coltonjones279@gmail.com,+917446129354,1977-12-29,Indain,Wayanad,Germany,Retired,Regular,2024-01-09
169,CUST468,Robert,Rodriguez,robertrodriguez564@gmail.com,+917155308128,1999-12-10,Indain,Kottayam,Malaysia,Working Professional,Regular,2024-11-18
170,CUST283,William,Smith,williamsmith791@gmail.com,+917848262678,1977-08-03,Indain,Wayanad,Jordan,Business,New,2022-10-15
171,CUST274,Andrea,Arnold,andreaarnold840@gmail.com,+917002754426,1972-09-27,Indain,Kasaragod,Belgium,Business,New,2023-07-30
172,CUST594,Stephanie,Reid,stephaniereid675@gmail.com,+917525747313,1991-03-21,Indain,Wayanad,Oman,Retired,New,2024-10-11
173,CUST496,Alan,Smith,alansmith353@gmail.com,+917356954682,1999-04-10,Indain,Malappuram,Austria,Retired,VIP,2021-12-05
174,CUST330,Kelly,Lynn,kellylynn890@gmail.com,+917202563940,1995-08-17,Indain,Thrissur,Singapore,Retired,Regular,2022-02-25
175,CUST421,Alec,Thomas,alecthomas44@gmail.com,+917341639230,1982-12-14,Indain,Thrissur,Germany,Retired,VIP,2020-09-01
176,CUST680,Melissa,Sanders,melissasanders811@gmail.com,+917881270974,1985-03-31,Indain,Pathanamthitta,Oman,Retired,Regular,2024-08-03
177,CUST130,Madison,Andrews,madisonandrews514@gmail.com,+917633701411,1994-07-26,Indain,Kollam,Qatar,Retired,Regular,2021-07-28
178,CUST539,Cathy,Gilbert,cathygilbert932@gmail.com,+917490622789,1999-03-18,Indain,Alappuzha,Belgium,Working Professional,VIP,2024-11-20
179,CUST671,Charles,Manning,charlesmanning993@gmail.com,+917165744099,1973-07-30,Indain,Ernakulam,Germany,Business,VIP,2022-06-05
180,CUST639,Katelyn,Williams,katelynwilliams709@gmail.com,+917426794469,1981-03-20,Indain,Pathanamthitta,Kuwait,Business,New,2024-10-05
181,CUST547,Luke,Taylor,luketaylor389@gmail.com,+917340012324,1991-01-07,Indain,Pathanamthitta,Denmark,Retired,New,2020-02-02
182,CUST37,John,Smith,johnsmith632@gmail.com,+917073466219,1987-05-26,Indain,Kannur,Switzerland,Business,Regular,2023-02-03
183,CUST93,Jason,Bray,jasonbray444@gmail.com,+917105702499,1992-09-22,Indain,Thiruvananthapuram,Switzerland,Student,VIP,2020-04-23
184,CUST171,Edward,Strickland,edwardstrickland710@gmail.com,+917321549249,1987-08-22,Indain,Alappuzha,Saudi Arabia,Business,Regular,2022-07-07
185,CUST301,Gary,Evans,garyevans367@gmail.com,+917402482554,1989-11-30,Indain,Kottayam,Oman,Working Professional,New,2021-09-16
186,CUST422,Andrew,Foley,andrewfoley579@gmail.com,+917732077572,1980-04-14,Indain,Thiruvananthapuram,Bahrain,Working Professional,Regular,2021-04-21
187,CUST81,Andrew,Stevens,andrewstevens624@gmail.com,+917935056899,1989-10-10,Indain,Kottayam,Norway,Working Professional,VIP,2022-05-20
188,CUST598,Steve,Stephens,stevestephens146@gmail.com,+917249310440,1979-01-14,Indain,Kozhikode,Switzerland,Business,VIP,2020-05-16
189,CUST262,Dustin,Hunt,dustinhunt682@gmail.com,+917010090412,1986-03-27,Indain,Thiruvananthapuram,Italy,Business,New,2021-07-27
190,CUST560,David,Johnson,davidjohnson161@gmail.com,+917079308612,1971-08-10,Indain,Kozhikode,Australia,Business,New,2020-06-29
191,CUST435,Scott,Martinez,scottmartinez706@gmail.com,+917268540924,1996-01-18,Indain,Kozhikode,United Kingdom,Working Professional,VIP,2020-06-29
192,CUST495,Breanna,Figueroa,breannafigueroa109@gmail.com,+917254697684,1965-03-04,Indain,Kottayam,Sweden,Business,New,2020-10-20
193,CUST303,Anthony,Chavez,anthonychavez716@gmail.com,+917317001612,1990-08-01,Indain,Alappuzha,Greece,Retired,VIP,2025-02-02
194,CUST9,James,Freeman,jamesfreeman579@gmail.com,+917928859046,1990-07-10,Indain,Pathanamthitta,Austria,Student,New,2020-09-02
195,CUST509,Erin,Payne,erinpayne852@gmail.com,+917970829345,2007-01-22,Indain,Kasaragod,Austria,Working Professional,New,2023-12-10
196,CUST361,Amy,Jones,amyjones224@gmail.com,+917683563240,1980-06-26,Indain,Kannur,Norway,Business,New,2023-03-27
197,CUST739,Jessica,Owen,jessicaowen785@gmail.com,+917707790785,1991-12-04,Indain,Pathanamthitta,Greece,Working Professional,New,2020-07-19
198,CUST100,Heather,Maxwell,heathermaxwell925@gmail.com,+917673728014,2001-07-01,Indain,Pathanamthitta,Saudi Arabia,Business,VIP,2021-01-23
199,CUST35,Amber,Herrera,amberherrera593@gmail.com,+917391766764,1980-06-20,Indain,Thrissur,Oman,Student,VIP,2020-10-02
200,CUST335,Matthew,Calderon,matthewcalderon765@gmail.com,+917446143048,1979-06-18,Indain,Idukki,Malaysia,Working Professional,New,2025-02-25
201,CUST375,Megan,Peterson,meganpeterson543@gmail.com,+917538798023,1969-11-30,Indain,Kasaragod,Greece,Working Professional,VIP,2024-11-12
202,CUST494,Lance,Evans,lanceevans990@gmail.com,+917865960427,2005-03-27,Indain,Kasaragod,Belgium,Business,Regular,2024-11-14
203,CUST480,Rachel,Stanley,rachelstanley986@gmail.com,+917080852074,1999-02-27,Indain,Idukki,Austria,Working Professional,New,2021-09-11
204,CUST742,Angela,Lin,angelalin690@gmail.com,+917426717340,1999-02-09,Indain,Wayanad,Luxembourg,Business,Regular,2022-03-21
205,CUST405,Amanda,Weaver,amandaweaver14@gmail.com,+917283960237,1983-10-17,Indain,Malappuram,Qatar,Retired,VIP,2021-04-15
206,CUST689,Patricia,Oliver,patriciaoliver766@gmail.com,+917721920438,2002-09-28,Indain,Kasaragod,Sweden,Retired,New,2025-01-27
207,CUST381,Joseph,Sparks,josephsparks110@gmail.com,+917724600232,1994-08-13,Indain,Kannur,Germany,Student,New,2020-07-13
208,CUST575,Brian,Short,brianshort335@gmail.com,+917982748549,1968-12-23,Indain,Palakkad,Singapore,Student,New,2025-01-12
209,CUST476,Heather,Bentley,heatherbentley931@gmail.com,+917752775879,1965-03-28,Indain,Kasaragod,Switzerland,Retired,Regular,2020-03-07
210,CUST144,Holly,Mclaughlin,hollymclaughlin46@gmail.com,+917039956218,1995-12-11,Indain,Kasaragod,Germany,Student,Regular,2021-09-21
211,CUST241,Kelly,Jackson,kellyjackson908@gmail.com,+917577186272,1971-04-05,Indain,Idukki,South Africa,Retired,VIP,2025-02-24
212,CUST687,Jasmine,Clarke,jasmineclarke972@gmail.com,+917797940629,1988-09-11,Indain,Thrissur,Netherlands,Retired,New,2020-02-07
213,CUST745,Denise,Wilson,denisewilson158@gmail.com,+917950705815,1985-02-09,Indain,Kottayam,Switzerland,Student,VIP,2020-03-19
214,CUST631,Elizabeth,Evans,elizabethevans417@gmail.com,+917300368694,1966-02-14,Indain,Alappuzha,Denmark,Business,Regular,2024-01-12
215,CUST455,Kristin,Lopez,kristinlopez455@gmail.com,+917253524015,2006-06-19,Indain,Wayanad,Australia,Student,New,2020-03-15
216,CUST377,Jessica,Smith,jessicasmith557@gmail.com,+917968188935,1969-07-04,Indain,Pathanamthitta,Australia,Student,VIP,2021-08-21
217,CUST283,Robert,Garcia,robertgarcia194@gmail.com,+917131167999,2001-08-04,Indain,Wayanad,Greece,Retired,Regular,2021-06-27
218,CUST679,Catherine,Wade,catherinewade217@gmail.com,+917689024924,1978-09-03,Indain,Pathanamthitta,Norway,Student,Regular,2024-08-21
219,CUST342,Pamela,Lowe,pamelalowe249@gmail.com,+917135209737,1988-03-12,Indain,Thiruvananthapuram,Sweden,Working Professional,Regular,2020-12-13
220,CUST568,Jillian,Salazar,jilliansalazar212@gmail.com,+917629624046,1989-08-18,Indain,Kannur,Greece,Working Professional,VIP,2022-05-02
221,CUST152,Carl,Patel,carlpatel807@gmail.com,+917966937834,1995-07-27,Indain,Palakkad,United Arab Emirates,Business,Regular,2023-05-15
222,CUST134,Katelyn,Butler,katelynbutler553@gmail.com,+917269137895,1980-11-30,Indain,Thiruvananthapuram,Bahrain,Student,New,2022-07-22
223,CUST27,Julia,Gallegos,juliagallegos134@gmail.com,+917015956152,1972-06-19,Indain,Kollam,Luxembourg,Working Professional,New,2020-02-21
224,CUST332,Charles,Jackson,charlesjackson16@gmail.com,+917187095435,2000-07-13,Indain,Kasaragod,Saudi Arabia,Working Professional,New,2020-04-13
225,CUST432,Gina,Walters,ginawalters538@gmail.com,+917122030010,1982-09-02,Indain,Thrissur,Kuwait,Retired,VIP,2025-04-07
226,CUST371,Connie,Gray,conniegray525@gmail.com,+917637444033,1973-03-01,Indain,Ernakulam,Italy,Working Professional,New,2024-08-21
227,CUST45,Lori,Kennedy,lorikennedy744@gmail.com,+917840983577,1982-03-04,Indain,Wayanad,Ireland,Business,VIP,2024-05-30
228,CUST659,Dustin,Martinez,dustinmartinez987@gmail.com,+917033447745,1972-06-11,Indain,Alappuzha,Germany,Retired,VIP,2024-09-21
229,CUST703,Joseph,Castillo,josephcastillo110@gmail.com,+917526422169,1988-02-21,Indain,Thrissur,Italy,Student,Regular,2023-10-31
230,CUST330,Lucas,Harrison,lucasharrison622@gmail.com,+917159272239,1985-12-23,Indain,Ernakulam,Oman,Business,New,2022-10-11
231,CUST649,Brian,Adams,brianadams599@gmail.com,+917588793237,2000-06-15,Indain,Thrissur,Canada,Retired,New,2024-06-26
232,CUST544,Amber,Murphy,ambermurphy301@gmail.com,+917487173220,1992-12-21,Indain,Malappuram,Norway,Retired,Regular,2020-02-14
233,CUST719,Garrett,Lopez,garrettlopez117@gmail.com,+917915679227,1978-05-07,Indain,Pathanamthitta,Switzerland,Working Professional,VIP,2020-10-31
234,CUST463,Jennifer,Norton,jennifernorton909@gmail.com,+917245343109,1995-09-28,Indain,Kottayam,Canada,Retired,VIP,2022-04-12
235,CUST426,Tammy,Wilson,tammywilson747@gmail.com,+917102097643,2005-07-21,Indain,Kollam,Jordan,Business,New,2020-06-04
236,CUST262,Wendy,Li,wendyli383@gmail.com,+917163894795,1996-01-17,Indain,Pathanamthitta,Germany,Student,Regular,2024-10-20
237,CUST88,Anthony,Rivas,anthonyrivas95@gmail.com,+917463723880,1998-05-06,Indain,Ernakulam,Belgium,Business,Regular,2024-08-18
238,CUST570,Mario,Edwards,marioedwards61@gmail.com,+917629712082,1979-07-15,Indain,Malappuram,Netherlands,Business,New,2020-05-20
239,CUST126,Corey,Fowler,coreyfowler420@gmail.com,+917379673044,2005-03-16,Indain,Wayanad,Ireland,Retired,New,2022-11-11
240,CUST53,Karla,Perez,karlaperez991@gmail.com,+917308839723,1998-10-27,Indain,Palakkad,United Kingdom,Business,Regular,2021-06-08
241,CUST592,Stacey,Mccarthy,staceymccarthy519@gmail.com,+917228426553,2000-11-17,Indain,Idukki,Ireland,Retired,Regular,2021-08-17
242,CUST111,Lisa,Lopez,lisalopez358@gmail.com,+917907712792,1984-10-20,Indain,Malappuram,Australia,Student,VIP,2022-03-30
243,CUST588,Daniel,Wright,danielwright231@gmail.com,+917866747347,1977-07-29,Indain,Kottayam,Netherlands,Student,New,2020-11-23
244,CUST674,Christina,Sherman,christinasherman849@gmail.com,+917744609017,1967-04-11,Indain,Kasaragod,United Arab Emirates,Working Professional,VIP,2022-11-25
245,CUST720,Kyle,Glass,kyleglass780@gmail.com,+917331769776,1967-03-30,Indain,Kollam,Australia,Student,Regular,2021-01-11
246,CUST147,Terri,Young,terriyoung579@gmail.com,+917705818425,1982-01-06,Indain,Kottayam,Kuwait,Working Professional,New,2024-04-10
247,CUST649,Taylor,Cortez,taylorcortez995@gmail.com,+917032917811,1969-08-05,Indain,Ernakulam,Belgium,Working Professional,VIP,2023-03-14
248,CUST430,Alison,Thomas,alisonthomas464@gmail.com,+917366034277,1980-05-05,Indain,Idukki,Australia,Business,New,2023-08-30
249,CUST333,Elizabeth,Harris,elizabethharris795@gmail.com,+917609448939,1976-12-11,Indain,Palakkad,Kuwait,Student,Regular,2024-08-17
250,CUST162,Lisa,Harris,lisaharris772@gmail.com,+917663398699,1979-11-15,Indain,Alappuzha,Ireland,Student,VIP,2021-07-18
251,CUST454,Edward,Newman,edwardnewman677@gmail.com,+917455282394,1978-07-30,Indain,Kozhikode,Norway,Retired,VIP,2024-08-31
252,CUST280,Sara,Lee,saralee220@gmail.com,+917810614025,1998-08-06,Indain,Malappuram,Qatar,Business,VIP,2022-12-17
253,CUST114,Tonya,Hood,tonyahood290@gmail.com,+917728230915,1992-01-30,Indain,Pathanamthitta,Sweden,Retired,New,2024-08-09
254,CUST684,Nicole,Lee,nicolelee315@gmail.com,+917048766522,2005-05-28,Indain,Kannur,South Africa,Student,Regular,2022-03-04
255,CUST210,Tammy,Perez,tammyperez308@gmail.com,+917226810757,2004-07-17,Indain,Thiruvananthapuram,Oman,Business,VIP,2020-10-18
256,CUST336,Christina,Phillips,christinaphillips122@gmail.com,+917008299923,1992-10-11,Indain,Kozhikode,Belgium,Retired,Regular,2024-03-12
257,CUST133,Elizabeth,Garcia,elizabethgarcia389@gmail.com,+917571855941,1965-09-19,Indain,Thrissur,Singapore,Business,Regular,2024-07-28
258,CUST407,Richard,Clements,richardclements882@gmail.com,+917796760809,1964-12-17,Indain,Alappuzha,Jordan,Student,VIP,2020-01-16
259,CUST80,Juan,Curtis,juancurtis882@gmail.com,+917336146289,1972-10-01,Indain,Palakkad,Jordan,Retired,New,2020-06-08
260,CUST656,Janet,Williamson,janetwilliamson427@gmail.com,+917310864588,1972-04-21,Indain,Ernakulam,South Africa,Student,VIP,2023-11-30
261,CUST176,Kelly,Bright,kellybright820@gmail.com,+917663706947,2002-03-13,Indain,Kozhikode,Greece,Business,Regular,2020-02-09
262,CUST448,Jonathan,Phillips,jonathanphillips864@gmail.com,+917113669678,1971-06-27,Indain,Kannur,Jordan,Retired,New,2024-03-29
263,CUST81,Thomas,Barnes,thomasbarnes405@gmail.com,+917934718473,1969-08-12,Indain,Kasaragod,Belgium,Business,Regular,2022-05-31
264,CUST342,William,Blake,williamblake797@gmail.com,+917180531127,1988-07-13,Indain,Ernakulam,France,Student,New,2024-12-16
265,CUST523,Alicia,Thompson,aliciathompson198@gmail.com,+917972727126,1975-10-19,Indain,Thiruvananthapuram,Australia,Business,New,2021-09-13
266,CUST661,Phillip,Alexander,phillipalexander834@gmail.com,+917158580752,1978-01-09,Indain,Kannur,Qatar,Working Professional,VIP,2023-05-16
267,CUST203,Sarah,Thomas,sarahthomas177@gmail.com,+917646820987,2007-03-23,Indain,Idukki,Austria,Student,Regular,2020-04-18
268,CUST644,Michael,Ramirez,michaelramirez505@gmail.com,+917498165815,1988-12-09,Indain,Thiruvananthapuram,Sweden,Retired,New,2022-04-17
269,CUST579,Becky,Simon,beckysimon658@gmail.com,+917682146375,1971-01-16,Indain,Palakkad,Canada,Business,Regular,2021-02-20
270,CUST451,Emily,Hicks,emilyhicks69@gmail.com,+917503500181,1967-11-12,Indain,Kozhikode,Switzerland,Business,VIP,2025-01-24
271,CUST606,Amy,Rodriguez,amyrodriguez57@gmail.com,+917377895080,1994-11-11,Indain,Malappuram,Kuwait,Business,VIP,2022-07-07
272,CUST463,Andrea,Parks,andreaparks38@gmail.com,+917061085229,1982-04-07,Indain,Kollam,Greece,Business,Regular,2022-10-07
273,CUST661,Oscar,Mclaughlin,oscarmclaughlin884@gmail.com,+917918364265,2005-10-20,Indain,Ernakulam,Norway,Retired,VIP,2020-01-31
274,CUST595,Danielle,Mack,daniellemack567@gmail.com,+917850207886,2000-11-02,Indain,Thrissur,Saudi Arabia,Retired,New,2022-06-28
275,CUST668,Justin,Buckley,justinbuckley192@gmail.com,+917345236735,1970-04-12,Indain,Palakkad,Germany,Working Professional,Regular,2022-03-30
276,CUST462,Tracy,Walsh,tracywalsh105@gmail.com,+917870768982,1965-03-27,Indain,Wayanad,Canada,Student,New,2024-06-13
277,CUST662,Jeffrey,Cobb,jeffreycobb176@gmail.com,+917042028540,1980-12-03,Indain,Kannur,Denmark,Retired,VIP,2022-10-16
278,CUST537,Jason,Johnson,jasonjohnson535@gmail.com,+917654773573,1989-04-26,Indain,Idukki,Australia,Business,VIP,2021-05-21
279,CUST397,Daniel,Matthews,danielmatthews418@gmail.com,+917831575232,1987-10-09,Indain,Kollam,Ireland,Student,New,2020-02-14
280,CUST663,Vickie,Bishop,vickiebishop342@gmail.com,+917070772317,2004-12-17,Indain,Kollam,Qatar,Retired,VIP,2025-02-25
281,CUST259,Christine,Butler,christinebutler741@gmail.com,+917914362309,1978-11-05,Indain,Pathanamthitta,Norway,Working Professional,VIP,2024-11-03
282,CUST84,Heather,Mathis,heathermathis596@gmail.com,+917712548074,2001-06-16,Indain,Idukki,Australia,Business,New,2022-06-26
283,CUST716,Michael,Lee,michaellee678@gmail.com,+917420861681,2007-03-04,Indain,Idukki,Norway,Student,VIP,2020-03-29
284,CUST573,Amanda,Ramos,amandaramos385@gmail.com,+917690945624,1999-09-07,Indain,Thiruvananthapuram,Canada,Working Professional,New,2020-07-16
285,CUST720,Tamara,Smith,tamarasmith848@gmail.com,+917793253262,2006-11-20,Indain,Pathanamthitta,France,Student,New,2021-07-09
286,CUST687,Tina,Hickman,tinahickman433@gmail.com,+917545985356,2002-10-10,Indain,Kollam,United Arab Emirates,Business,VIP,2025-01-31
287,CUST185,Justin,Morgan,justinmorgan973@gmail.com,+917229987621,2006-07-27,Indain,Kollam,Austria,Retired,Regular,2020-04-01
288,CUST232,Joseph,Ho,josephho140@gmail.com,+917166371119,2005-07-11,Indain,Ernakulam,United Kingdom,Student,New,2021-08-29
289,CUST553,Jillian,Copeland,jilliancopeland855@gmail.com,+917793112954,1988-10-11,Indain,Malappuram,Saudi Arabia,Business,New,2020-07-18
290,CUST135,Kayla,Guzman,kaylaguzman611@gmail.com,+917404499880,1992-06-09,Indain,Idukki,Bahrain,Working Professional,New,2024-12-10
291,CUST640,Stephanie,Fisher,stephaniefisher828@gmail.com,+917969219482,1984-02-09,Indain,Idukki,Belgium,Retired,Regular,2021-10-29
292,CUST421,Mark,Sims,marksims373@gmail.com,+917726239153,1982-06-21,Indain,Thrissur,Singapore,Retired,New,2022-05-08
293,CUST292,Angela,Davis,angeladavis770@gmail.com,+917803734960,1974-02-10,Indain,Thiruvananthapuram,Italy,Working Professional,New,2022-04-06
294,CUST245,Julia,Horton,juliahorton316@gmail.com,+917868253265,1980-03-01,Indain,Thiruvananthapuram,Germany,Working Professional,VIP,2023-08-21
295,CUST695,Lori,Wilkinson,loriwilkinson969@gmail.com,+917612483158,1971-04-12,Indain,Kozhikode,Italy,Business,VIP,2022-10-14
296,CUST515,Richard,Sawyer,richardsawyer540@gmail.com,+917449533634,1971-11-25,Indain,Idukki,Greece,Working Professional,New,2021-04-04
297,CUST142,Rodney,Moreno,rodneymoreno893@gmail.com,+917268438908,1966-08-08,Indain,Alappuzha,Switzerland,Retired,VIP,2023-07-31
298,CUST568,Cristian,Bennett,cristianbennett956@gmail.com,+917110154881,1981-04-13,Indain,Thrissur,France,Student,VIP,2020-02-16
299,CUST86,Cheryl,Wilson,cherylwilson781@gmail.com,+917172134062,1991-01-01,Indain,Kasaragod,Italy,Working Professional,VIP,2024-07-23
300,CUST94,Justin,Wood,justinwood969@gmail.com,+917977647253,2001-07-12,Indain,Kannur,Greece,Retired,VIP,2024-09-26
301,CUST28,Clayton,Rogers,claytonrogers424@gmail.com,+917057184151,2005-10-05,Indain,Kottayam,France,Business,Regular,2022-01-17
302,CUST396,Stephen,Johnson,stephenjohnson83@gmail.com,+917402559419,1997-06-17,Indain,Kannur,United Arab Emirates,Business,Regular,2021-08-27
303,CUST732,Caleb,Allen,caleballen665@gmail.com,+917360015275,1974-05-18,Indain,Thiruvananthapuram,Oman,Working Professional,Regular,2020-06-23
304,CUST294,Jay,Brown,jaybrown939@gmail.com,+917890949719,1988-02-13,Indain,Kozhikode,Denmark,Working Professional,New,2021-06-04
305,CUST481,Jason,Miller,jasonmiller459@gmail.com,+917660725160,1966-02-03,Indain,Alappuzha,Kuwait,Student,VIP,2022-12-06
306,CUST221,April,Pittman,aprilpittman855@gmail.com,+917160545470,1968-09-25,Indain,Malappuram,Belgium,Retired,Regular,2023-04-12
307,CUST296,Rachel,Hobbs,rachelhobbs243@gmail.com,+917323358638,2003-01-13,Indain,Ernakulam,Saudi Arabia,Working Professional,VIP,2024-02-15
308,CUST655,Daniel,Wright,danielwright812@gmail.com,+917668737754,1971-03-23,Indain,Kozhikode,Kuwait,Student,VIP,2021-05-31
309,CUST612,Jean,Holmes,jeanholmes548@gmail.com,+917017647321,1969-04-05,Indain,Pathanamthitta,France,Working Professional,New,2022-03-16
310,CUST148,Joyce,Munoz,joycemunoz298@gmail.com,+917460891752,1965-02-19,Indain,Alappuzha,Norway,Business,Regular,2022-07-17
311,CUST585,Nancy,Mcclain,nancymcclain426@gmail.com,+917201126777,2002-04-26,Indain,Pathanamthitta,Ireland,Student,New,2024-12-09
312,CUST370,Courtney,Moore,courtneymoore69@gmail.com,+917564852025,1972-03-09,Indain,Malappuram,France,Student,VIP,2023-07-30
313,CUST482,Alison,Scott,alisonscott44@gmail.com,+917682546314,1972-03-13,Indain,Kottayam,Australia,Business,New,2024-11-06
314,CUST17,David,Williams,davidwilliams365@gmail.com,+917846666926,1996-09-09,Indain,Ernakulam,Australia,Working Professional,New,2021-08-24
315,CUST673,Marie,Pierce,mariepierce643@gmail.com,+917111308231,2003-09-04,Indain,Thiruvananthapuram,Sweden,Business,Regular,2023-04-27
316,CUST46,David,Torres,davidtorres360@gmail.com,+917586277792,1964-12-28,Indain,Kollam,Greece,Working Professional,New,2023-09-21
317,CUST476,Rachel,Chandler,rachelchandler712@gmail.com,+917513818935,1989-05-22,Indain,Pathanamthitta,Bahrain,Working Professional,Regular,2021-10-26
318,CUST734,Lisa,Salazar,lisasalazar794@gmail.com,+917491429705,2006-07-06,Indain,Alappuzha,United Kingdom,Working Professional,Regular,2023-09-03
319,CUST205,Heather,Sherman,heathersherman907@gmail.com,+917044996163,1988-12-16,Indain,Kollam,United Kingdom,Retired,New,2023-03-21
320,CUST485,Misty,Yates,mistyyates259@gmail.com,+917039321248,1989-01-12,Indain,Thiruvananthapuram,Switzerland,Working Professional,VIP,2020-01-08
321,CUST366,Bryan,Burns,bryanburns882@gmail.com,+917838422254,2000-11-30,Indain,Alappuzha,Switzerland,Business,VIP,2021-08-28
322,CUST128,Kimberly,Rivera,kimberlyrivera818@gmail.com,+917395157577,1995-09-14,Indain,Kottayam,South Africa,Retired,VIP,2021-08-23
323,CUST348,Sarah,Lyons,sarahlyons997@gmail.com,+917200593456,1998-08-13,Indain,Kozhikode,Denmark,Retired,VIP,2020-04-08
324,CUST532,Carlos,Washington,carloswashington273@gmail.com,+917860226208,1997-10-16,Indain,Ernakulam,Belgium,Retired,Regular,2024-02-18
325,CUST441,Gregory,Jenkins,gregoryjenkins616@gmail.com,+917882982227,1978-01-26,Indain,Idukki,Netherlands,Business,VIP,2025-01-19
326,CUST106,Jonathan,Page,jonathanpage81@gmail.com,+917352101316,1986-08-02,Indain,Pathanamthitta,United Kingdom,Business,VIP,2022-09-21
327,CUST618,Zachary,Lopez,zacharylopez734@gmail.com,+917457538651,2000-04-21,Indain,Idukki,Denmark,Retired,VIP,2023-04-10
328,CUST458,Christine,Mills,christinemills43@gmail.com,+917780411013,1988-01-16,Indain,Wayanad,Australia,Retired,VIP,2024-03-13
329,CUST655,Daniel,Warner,danielwarner810@gmail.com,+917061587757,1968-04-01,Indain,Ernakulam,Ireland,Retired,VIP,2022-08-16
330,CUST526,Sherry,Campos,sherrycampos820@gmail.com,+917805196831,2004-10-12,Indain,Pathanamthitta,Bahrain,Student,Regular,2021-12-07
331,CUST623,Christine,Myers,christinemyers694@gmail.com,+917838927341,1974-02-06,Indain,Kozhikode,Saudi Arabia,Working Professional,Regular,2023-04-15
332,CUST242,Jason,Franklin,jasonfranklin797@gmail.com,+917692738367,1973-01-09,Indain,Kollam,Australia,Retired,New,2022-12-21
333,CUST34,Michael,Harris,michaelharris619@gmail.com,+917164752975,1993-03-28,Indain,Pathanamthitta,Italy,Business,VIP,2021-06-07
334,CUST455,Sarah,Allison,sarahallison781@gmail.com,+917082555101,1986-05-29,Indain,Palakkad,Oman,Business,VIP,2020-02-22
335,CUST322,Melanie,Walker,melaniewalker665@gmail.com,+917299240862,1991-07-29,Indain,Kannur,Qatar,Student,New,2023-03-08
336,CUST191,Robert,Cruz,robertcruz511@gmail.com,+917555924752,1983-07-30,Indain,Kottayam,Netherlands,Student,VIP,2024-05-10
337,CUST267,Shane,Evans,shaneevans720@gmail.com,+917479182105,1964-07-08,Indain,Kannur,Norway,Business,New,2024-05-29
338,CUST503,Terrence,Aguirre,terrenceaguirre204@gmail.com,+917131680929,1979-08-13,Indain,Idukki,Kuwait,Retired,Regular,2022-11-28
339,CUST731,Morgan,Hicks,morganhicks455@gmail.com,+917094264587,2005-12-22,Indain,Thiruvananthapuram,Ireland,Business,New,2021-04-11
340,CUST356,Jeremy,Hall,jeremyhall726@gmail.com,+917069727803,1970-06-27,Indain,Malappuram,Netherlands,Business,VIP,2021-04-10
341,CUST162,Michael,Williams,michaelwilliams728@gmail.com,+917761888313,1987-08-02,Indain,Thrissur,Switzerland,Working Professional,VIP,2024-12-22
342,CUST521,Daniel,Valencia,danielvalencia229@gmail.com,+917130311939,1987-04-12,Indain,Kannur,Luxembourg,Working Professional,Regular,2022-08-17
343,CUST506,Lonnie,Brown,lonniebrown26@gmail.com,+917387509692,1978-12-12,Indain,Malappuram,Sweden,Business,VIP,2024-12-29
344,CUST565,Michael,Bridges,michaelbridges132@gmail.com,+917657074545,1980-03-12,Indain,Ernakulam,Kuwait,Business,VIP,2024-06-16
345,CUST735,Tammy,Maldonado,tammymaldonado736@gmail.com,+917513962746,1966-01-28,Indain,Malappuram,Jordan,Retired,New,2023-03-21
346,CUST76,Kyle,Carter,kylecarter128@gmail.com,+917340405868,1974-11-04,Indain,Pathanamthitta,Kuwait,Retired,VIP,2022-08-01
347,CUST697,Charles,Beltran,charlesbeltran529@gmail.com,+917369919929,1985-11-14,Indain,Idukki,Greece,Working Professional,Regular,2023-04-30
348,CUST444,Lisa,Mejia,lisamejia514@gmail.com,+917977869850,2004-09-28,Indain,Wayanad,Saudi Arabia,Student,New,2022-04-20
349,CUST157,John,Farmer,johnfarmer311@gmail.com,+917176799196,1994-09-30,Indain,Idukki,Canada,Working Professional,VIP,2023-09-11
350,CUST532,Charles,Conway,charlesconway916@gmail.com,+917304994549,1972-02-08,Indain,Wayanad,Kuwait,Business,Regular,2024-03-10
351,CUST651,Hailey,Graves,haileygraves979@gmail.com,+917591461470,1999-03-02,Indain,Kasaragod,Oman,Business,New,2023-08-02
352,CUST547,Kimberly,Ballard,kimberlyballard95@gmail.com,+917539633807,1977-10-12,Indain,Pathanamthitta,Bahrain,Working Professional,Regular,2021-07-17
353,CUST675,John,Goodman,johngoodman639@gmail.com,+917773773537,2004-02-24,Indain,Palakkad,Canada,Student,Regular,2020-12-05
354,CUST84,Adam,Wallace,adamwallace46@gmail.com,+917688755699,1987-01-30,Indain,Thiruvananthapuram,Sweden,Business,New,2024-04-05
355,CUST216,Amber,Schroeder,amberschroeder785@gmail.com,+917614327645,1995-07-11,Indain,Kottayam,Norway,Student,VIP,2024-12-14
356,CUST643,Steven,Figueroa,stevenfigueroa558@gmail.com,+917311032572,1974-04-13,Indain,Pathanamthitta,United Kingdom,Retired,Regular,2023-08-11
357,CUST702,Karen,Brown,karenbrown415@gmail.com,+917319367188,1975-06-10,Indain,Kozhikode,Kuwait,Student,Regular,2023-03-12
358,CUST451,Jessica,Mcdaniel,jessicamcdaniel425@gmail.com,+917519960692,1984-08-04,Indain,Kozhikode,Malaysia,Business,New,2023-05-30
359,CUST148,Barbara,Wilson,barbarawilson320@gmail.com,+917925012552,1995-11-06,Indain,Thrissur,Canada,Business,VIP,2022-03-27
360,CUST134,Tracy,Martin,tracymartin778@gmail.com,+917397864507,1977-09-13,Indain,Malappuram,Netherlands,Student,VIP,2021-10-21
361,CUST248,Jennifer,Cooper,jennifercooper477@gmail.com,+917131556899,1998-04-26,Indain,Kasaragod,Italy,Working Professional,Regular,2024-01-08
362,CUST100,Samantha,Clark,samanthaclark51@gmail.com,+917311612760,1991-02-19,Indain,Kottayam,Norway,Retired,Regular,2020-02-19
363,CUST164,William,Ortiz,williamortiz833@gmail.com,+917351581531,1969-06-01,Indain,Palakkad,Belgium,Business,Regular,2023-11-14
364,CUST164,Sharon,Tran,sharontran510@gmail.com,+917552681586,1998-12-09,Indain,Kozhikode,Germany,Business,VIP,2022-12-28
365,CUST24,Alex,West,alexwest92@gmail.com,+917422240582,1969-08-29,Indain,Malappuram,Italy,Working Professional,Regular,2022-02-08
366,CUST598,Brian,Mills,brianmills361@gmail.com,+917052246275,1972-08-25,Indain,Alappuzha,United Kingdom,Retired,New,2024-02-21
367,CUST670,Jared,Bennett,jaredbennett688@gmail.com,+917505288784,1987-03-28,Indain,Kasaragod,Netherlands,Student,Regular,2022-08-13
368,CUST442,Scott,Perez,scottperez137@gmail.com,+917947529631,1984-04-05,Indain,Kasaragod,Belgium,Business,VIP,2022-03-23
369,CUST375,Lauren,Odonnell,laurenodonnell46@gmail.com,+917430121245,1970-01-31,Indain,Alappuzha,Sweden,Working Professional,VIP,2023-03-02
370,CUST567,Thomas,King,thomasking295@gmail.com,+917078954113,1990-01-19,Indain,Kottayam,France,Retired,New,2025-01-08
371,CUST287,Francisco,Perez,franciscoperez845@gmail.com,+917669200551,1989-01-08,Indain,Pathanamthitta,Norway,Student,Regular,2024-09-13
372,CUST100,Edward,Carpenter,edwardcarpenter403@gmail.com,+917400718660,1972-01-21,Indain,Thiruvananthapuram,Canada,Business,Regular,2020-03-17
373,CUST204,Jennifer,Owens,jenniferowens616@gmail.com,+917546666136,1977-04-20,Indain,Kottayam,France,Student,Regular,2022-02-21
374,CUST40,Steven,Jackson,stevenjackson140@gmail.com,+917766213410,1982-06-30,Indain,Kollam,Luxembourg,Retired,New,2021-12-06
375,CUST468,Patricia,Murphy,patriciamurphy152@gmail.com,+917650967273,1990-05-17,Indain,Malappuram,Oman,Business,New,2023-05-18
376,CUST327,Ryan,Mendoza,ryanmendoza166@gmail.com,+917421931770,1974-09-28,Indain,Palakkad,Belgium,Business,New,2024-11-25
377,CUST345,Amanda,Thompson,amandathompson519@gmail.com,+917889368954,1980-09-28,Indain,Malappuram,Netherlands,Retired,New,2023-06-01
378,CUST577,Deborah,Knox,deborahknox306@gmail.com,+917509912042,2001-06-30,Indain,Wayanad,United Arab Emirates,Business,VIP,2023-08-20
379,CUST690,Howard,Duncan,howardduncan112@gmail.com,+917447256709,1964-11-08,Indain,Palakkad,United Kingdom,Student,New,2024-10-07
380,CUST486,Jennifer,Payne,jenniferpayne271@gmail.com,+917703935444,1970-05-31,Indain,Thiruvananthapuram,Austria,Working Professional,New,2025-03-15
381,CUST53,Heather,Taylor,heathertaylor597@gmail.com,+917515877957,1977-08-04,Indain,Idukki,France,Retired,Regular,2020-07-18
382,CUST698,Alexis,Lopez,alexislopez248@gmail.com,+917033898577,1985-02-27,Indain,Palakkad,Denmark,Student,Regular,2024-12-30
383,CUST20,Michael,Lewis,michaellewis451@gmail.com,+917336824737,1968-06-17,Indain,Kottayam,Oman,Retired,New,2024-11-05
384,CUST209,Christina,Baker,christinabaker420@gmail.com,+917538824588,1992-02-09,Indain,Thiruvananthapuram,Norway,Retired,New,2024-12-07
385,CUST745,Matthew,Clark,matthewclark63@gmail.com,+917757820386,1977-08-19,Indain,Idukki,France,Working Professional,New,2020-12-31
386,CUST333,James,Cochran,jamescochran678@gmail.com,+917513646933,1974-11-16,Indain,Malappuram,South Africa,Business,Regular,2025-02-05
387,CUST471,Adam,Evans,adamevans934@gmail.com,+917572440825,1970-09-15,Indain,Kollam,Netherlands,Business,New,2023-03-06
388,CUST739,Maria,Pennington,mariapennington697@gmail.com,+917690747887,1976-11-23,Indain,Thiruvananthapuram,Denmark,Business,New,2021-03-06
389,CUST496,Tina,Taylor,tinataylor196@gmail.com,+917264697908,1972-08-04,Indain,Kasaragod,Netherlands,Business,Regular,2022-04-18
390,CUST305,Lance,Morris,lancemorris789@gmail.com,+917310315830,1968-04-10,Indain,Thrissur,Malaysia,Retired,VIP,2023-08-13
391,CUST492,Bianca,Duncan,biancaduncan357@gmail.com,+917601818966,1970-07-12,Indain,Thiruvananthapuram,Belgium,Business,VIP,2025-01-18
392,CUST125,Allen,Thompson,allenthompson587@gmail.com,+917726517607,1992-09-26,Indain,Malappuram,South Africa,Retired,VIP,2023-12-12
393,CUST150,Joshua,Stevens,joshuastevens297@gmail.com,+917045168545,2000-08-21,Indain,Kasaragod,Denmark,Student,VIP,2025-03-03
394,CUST453,Sheila,Brennan,sheilabrennan671@gmail.com,+917275354619,1991-10-09,Indain,Thrissur,Germany,Working Professional,Regular,2024-01-29
395,CUST552,Amanda,Rios,amandarios277@gmail.com,+917603462253,1975-02-15,Indain,Thrissur,United States,Working Professional,Regular,2025-03-01
396,CUST631,Jennifer,Barton,jenniferbarton758@gmail.com,+917630104453,1969-02-08,Indain,Kannur,Singapore,Student,New,2023-01-12
397,CUST544,Monica,Baker,monicabaker231@gmail.com,+917684987769,1982-06-03,Indain,Kannur,Saudi Arabia,Student,VIP,2024-06-02
398,CUST339,Joseph,Mcmillan,josephmcmillan734@gmail.com,+917507239833,1969-11-23,Indain,Ernakulam,Ireland,Working Professional,Regular,2020-06-06
399,CUST564,Amanda,Brooks,amandabrooks951@gmail.com,+917169587940,2003-07-01,Indain,Kottayam,Switzerland,Retired,VIP,2024-10-31
400,CUST667,Stephen,Smith,stephensmith204@gmail.com,+917811653317,1968-05-05,Indain,Kasaragod,Canada,Business,New,2020-01-14
401,CUST61,Justin,Morgan,justinmorgan929@gmail.com,+917825412179,2005-07-30,Indain,Ernakulam,Switzerland,Working Professional,New,2023-07-29
402,CUST741,Derek,Thompson,derekthompson870@gmail.com,+917040048684,1970-08-25,Indain,Idukki,Jordan,Working Professional,Regular,2021-06-05
403,CUST407,Sarah,Perry,sarahperry806@gmail.com,+917531914410,1993-06-09,Indain,Idukki,Belgium,Business,Regular,2021-01-14
404,CUST10,Matthew,Jackson,matthewjackson305@gmail.com,+917609844411,1987-04-17,Indain,Palakkad,Qatar,Business,VIP,2021-03-20
405,CUST466,Austin,Chandler,austinchandler656@gmail.com,+917583364453,1994-09-14,Indain,Malappuram,Germany,Working Professional,New,2024-12-01
406,CUST480,Nicholas,Adams,nicholasadams279@gmail.com,+917207029662,2000-01-18,Indain,Thiruvananthapuram,Qatar,Business,Regular,2021-09-11
407,CUST749,Zachary,Clark,zacharyclark469@gmail.com,+917696091085,2006-02-21,Indain,Kasaragod,Denmark,Working Professional,Regular,2023-02-25
408,CUST346,Heather,Thomas,heatherthomas809@gmail.com,+917316779880,1986-05-24,Indain,Palakkad,Ireland,Working Professional,Regular,2020-11-29
409,CUST626,Ricky,Simpson,rickysimpson876@gmail.com,+917685826598,2002-05-01,Indain,Kottayam,Greece,Retired,New,2021-12-01
410,CUST336,Dustin,Freeman,dustinfreeman88@gmail.com,+917430391423,1974-04-18,Indain,Pathanamthitta,Qatar,Working Professional,Regular,2023-11-15
411,CUST489,Denise,Patel,denisepatel331@gmail.com,+917266338529,1991-09-02,Indain,Alappuzha,United States,Retired,Regular,2022-01-04
412,CUST458,Amber,Boone,amberboone771@gmail.com,+917286682971,1966-10-08,Indain,Kollam,United Kingdom,Student,VIP,2021-12-27
413,CUST670,Barbara,White,barbarawhite368@gmail.com,+917743854609,1995-04-01,Indain,Kannur,Saudi Arabia,Student,VIP,2021-05-17
414,CUST315,Laura,Russell,laurarussell163@gmail.com,+917435312769,2003-10-16,Indain,Pathanamthitta,France,Business,New,2021-12-20
415,CUST121,Amanda,Webb,amandawebb654@gmail.com,+917983687511,1973-08-02,Indain,Kasaragod,Australia,Working Professional,Regular,2025-02-24
416,CUST137,Joshua,Ramirez,joshuaramirez489@gmail.com,+917164481748,1989-12-06,Indain,Kozhikode,Belgium,Business,VIP,2024-12-22
417,CUST719,Dominique,Humphrey,dominiquehumphrey562@gmail.com,+917980108198,1993-07-08,Indain,Kozhikode,Austria,Working Professional,Regular,2022-01-24
418,CUST697,Kim,Greene,kimgreene772@gmail.com,+917639750911,1968-02-16,Indain,Wayanad,Luxembourg,Student,New,2024-06-30
419,CUST458,Theresa,Williams,theresawilliams540@gmail.com,+917755663125,1985-07-20,Indain,Kollam,Kuwait,Student,Regular,2024-01-12
420,CUST561,Jeremy,Sutton,jeremysutton924@gmail.com,+917542762599,1978-02-12,Indain,Kannur,Sweden,Working Professional,Regular,2021-10-03
421,CUST336,Megan,Gonzales,megangonzales874@gmail.com,+917558712474,2006-04-03,Indain,Kozhikode,Qatar,Working Professional,New,2021-09-30
422,CUST598,Jessica,Nicholson,jessicanicholson500@gmail.com,+917097647841,1972-02-18,Indain,Malappuram,Italy,Student,VIP,2023-08-11
423,CUST136,Matthew,Cook,matthewcook525@gmail.com,+917446058739,1991-03-03,Indain,Kozhikode,Sweden,Student,New,2021-09-27
424,CUST474,Andrea,Mcintosh,andreamcintosh688@gmail.com,+917866418765,1981-01-18,Indain,Kasaragod,Belgium,Student,VIP,2022-10-23
425,CUST261,Cody,Davis,codydavis836@gmail.com,+917003237836,2005-08-05,Indain,Thrissur,Malaysia,Student,Regular,2024-02-25
426,CUST434,Joshua,James,joshuajames352@gmail.com,+917752032540,2005-07-26,Indain,Ernakulam,Netherlands,Student,Regular,2024-07-25
427,CUST484,Alexandra,Knox,alexandraknox32@gmail.com,+917308261300,1972-05-19,Indain,Kottayam,Bahrain,Working Professional,New,2021-09-22
428,CUST747,Christopher,Smith,christophersmith661@gmail.com,+917451360199,1985-04-13,Indain,Kollam,South Africa,Retired,VIP,2022-11-29
429,CUST385,Kimberly,Thomas,kimberlythomas82@gmail.com,+917733076128,1977-06-28,Indain,Pathanamthitta,Netherlands,Working Professional,New,2023-10-28
430,CUST357,Krista,Mitchell,kristamitchell121@gmail.com,+917191634595,1989-07-22,Indain,Malappuram,South Africa,Working Professional,New,2021-11-06
431,CUST229,Anthony,Rasmussen,anthonyrasmussen854@gmail.com,+917003729417,1986-09-28,Indain,Thiruvananthapuram,United Arab Emirates,Business,VIP,2023-05-02
432,CUST690,Michael,Turner,michaelturner736@gmail.com,+917584593732,1980-10-01,Indain,Kottayam,Netherlands,Retired,Regular,2022-05-01
433,CUST254,Mary,White,marywhite471@gmail.com,+917371686188,1967-01-13,Indain,Idukki,United States,Working Professional,New,2021-09-22
434,CUST116,Mark,Austin,markaustin32@gmail.com,+917869170578,2000-04-30,Indain,Pathanamthitta,Jordan,Student,Regular,2024-05-13
435,CUST212,Katherine,Brooks,katherinebrooks68@gmail.com,+917108337018,1964-10-25,Indain,Palakkad,Saudi Arabia,Retired,New,2021-08-03
436,CUST689,Stephanie,Nichols,stephanienichols720@gmail.com,+917936530957,2004-02-26,Indain,Alappuzha,Singapore,Student,VIP,2022-01-12
437,CUST450,Jason,Miller,jasonmiller239@gmail.com,+917579562681,1992-01-29,Indain,Kannur,Austria,Student,Regular,2023-11-05
438,CUST516,Lauren,Shaw,laurenshaw296@gmail.com,+917251429015,1980-09-17,Indain,Wayanad,Belgium,Business,New,2022-09-24
439,CUST613,Gabriel,Taylor,gabrieltaylor791@gmail.com,+917722125631,1970-01-25,Indain,Wayanad,Canada,Working Professional,VIP,2024-01-27
440,CUST147,Andrew,Velasquez,andrewvelasquez676@gmail.com,+917559689063,1975-09-29,Indain,Kannur,Jordan,Business,VIP,2022-03-16
441,CUST63,Justin,Smith,justinsmith570@gmail.com,+917635297732,2006-07-14,Indain,Thrissur,Bahrain,Retired,New,2024-10-09
442,CUST508,Sarah,Smith,sarahsmith48@gmail.com,+917369812603,1992-01-11,Indain,Pathanamthitta,Ireland,Retired,New,2022-11-23
443,CUST327,Bethany,Huber,bethanyhuber713@gmail.com,+917447025173,1988-01-17,Indain,Kottayam,Oman,Business,VIP,2024-01-15
444,CUST189,Amanda,Day,amandaday772@gmail.com,+917577596076,1964-05-19,Indain,Kozhikode,Singapore,Working Professional,VIP,2024-12-26
445,CUST725,Lucas,Young,lucasyoung147@gmail.com,+917865195567,1964-05-26,Indain,Kozhikode,Saudi Arabia,Retired,VIP,2024-08-20
446,CUST571,Julie,Clayton,julieclayton542@gmail.com,+917143980993,2000-11-20,Indain,Kottayam,Singapore,Business,Regular,2022-12-20
447,CUST339,Keith,Davis,keithdavis662@gmail.com,+917084901228,1996-07-14,Indain,Kozhikode,Australia,Student,New,2020-04-19
448,CUST742,Richard,Heath,richardheath849@gmail.com,+917204528085,1969-12-27,Indain,Alappuzha,United States,Retired,New,2021-12-03
449,CUST620,Karen,Carter,karencarter617@gmail.com,+917042463863,1989-05-20,Indain,Wayanad,Kuwait,Working Professional,New,2023-11-02
450,CUST742,Rebecca,Mercer,rebeccamercer687@gmail.com,+917600061135,1980-06-16,Indain,Kannur,Germany,Working Professional,VIP,2022-05-09
451,CUST311,Jennifer,Miller,jennifermiller979@gmail.com,+917976025048,1967-03-18,Indain,Alappuzha,Malaysia,Working Professional,New,2024-08-15
452,CUST121,Stephanie,Small,stephaniesmall764@gmail.com,+917809956465,1989-05-21,Indain,Kozhikode,Singapore,Working Professional,VIP,2023-01-29
453,CUST246,Andrew,Bass,andrewbass565@gmail.com,+917345331485,1972-07-08,Indain,Thiruvananthapuram,United Kingdom,Retired,VIP,2022-08-08
454,CUST547,Carl,King,carlking664@gmail.com,+917385752015,2003-05-26,Indain,Kasaragod,United States,Business,New,2022-05-22
455,CUST510,Daniel,Spears,danielspears477@gmail.com,+917105879779,2007-01-18,Indain,Thiruvananthapuram,Belgium,Retired,VIP,2023-04-08
456,CUST209,Alisha,Rivera,alisharivera379@gmail.com,+917335997460,2006-11-06,Indain,Kottayam,Saudi Arabia,Working Professional,New,2020-09-03
457,CUST150,Heather,Morris,heathermorris16@gmail.com,+917280004069,2003-07-28,Indain,Malappuram,Sweden,Retired,VIP,2021-10-28
458,CUST157,Jacqueline,Mccoy,jacquelinemccoy200@gmail.com,+917354190155,1970-11-16,Indain,Kannur,South Africa,Working Professional,VIP,2021-04-26
459,CUST564,Matthew,Silva,matthewsilva670@gmail.com,+917735348453,1988-02-22,Indain,Kollam,United States,Retired,New,2025-03-04
460,CUST658,Amanda,Bond,amandabond757@gmail.com,+917526772995,1978-01-20,Indain,Kozhikode,Bahrain,Business,Regular,2024-06-14
461,CUST144,Katherine,Dickerson,katherinedickerson737@gmail.com,+917586849648,1978-01-16,Indain,Kozhikode,Bahrain,Student,New,2020-08-08
462,CUST35,Amy,Hayes,amyhayes859@gmail.com,+917909134393,1991-08-25,Indain,Ernakulam,Greece,Student,Regular,2020-04-21
463,CUST423,Patricia,Beck,patriciabeck140@gmail.com,+917904675498,1971-06-23,Indain,Pathanamthitta,Singapore,Student,New,2022-05-20
464,CUST155,Heather,Garcia,heathergarcia9@gmail.com,+917234848459,1967-08-10,Indain,Malappuram,Italy,Business,Regular,2022-10-07
465,CUST633,Renee,Mays,reneemays653@gmail.com,+917715922437,1995-06-20,Indain,Palakkad,Germany,Retired,Regular,2021-04-09
466,CUST7,Chad,Newton,chadnewton544@gmail.com,+917592322761,1979-06-06,Indain,Kottayam,United Arab Emirates,Student,New,2023-09-06
467,CUST740,Erin,Montoya,erinmontoya281@gmail.com,+917575244407,1969-10-25,Indain,Kasaragod,United Arab Emirates,Retired,Regular,2023-09-22
468,CUST110,Alex,Larson,alexlarson940@gmail.com,+917103416251,1979-03-05,Indain,Malappuram,Oman,Working Professional,Regular,2021-02-24
469,CUST635,Erica,Galloway,ericagalloway539@gmail.com,+917271031968,1966-04-28,Indain,Wayanad,Australia,Business,VIP,2024-03-24
470,CUST81,Joseph,Chavez,josephchavez382@gmail.com,+917435968611,1970-05-09,Indain,Kozhikode,Sweden,Working Professional,New,2021-07-16
471,CUST232,Vincent,Vincent,vincentvincent307@gmail.com,+917734484102,1999-07-02,Indain,Wayanad,Kuwait,Student,Regular,2024-09-29
472,CUST416,Kiara,Snow,kiarasnow388@gmail.com,+917404982743,1971-07-16,Indain,Malappuram,Germany,Student,New,2020-07-28
473,CUST10,Brian,Saunders,briansaunders719@gmail.com,+917184021712,1998-07-08,Indain,Ernakulam,Germany,Retired,New,2022-01-05
474,CUST340,Sheila,Morse,sheilamorse579@gmail.com,+917921227867,1987-11-03,Indain,Ernakulam,France,Student,Regular,2020-11-01
475,CUST217,Kevin,Odom,kevinodom922@gmail.com,+917932133410,2006-09-02,Indain,Thrissur,Sweden,Retired,VIP,2023-01-29
476,CUST48,Diana,Grant,dianagrant946@gmail.com,+917079830621,1990-02-24,Indain,Pathanamthitta,United States,Student,Regular,2023-01-20
477,CUST323,Peggy,Best,peggybest16@gmail.com,+917222434334,1987-11-06,Indain,Palakkad,Oman,Retired,Regular,2023-09-28
478,CUST307,Michael,Adkins,michaeladkins166@gmail.com,+917605545509,2003-11-28,Indain,Kannur,Sweden,Retired,New,2022-11-29
479,CUST554,Alyssa,Willis,alyssawillis339@gmail.com,+917412151733,1967-07-06,Indain,Thiruvananthapuram,Belgium,Working Professional,New,2020-05-09
480,CUST742,Jeremiah,Rodriguez,jeremiahrodriguez80@gmail.com,+917537722224,1999-08-14,Indain,Thrissur,Australia,Student,Regular,2024-12-21
481,CUST448,Dalton,Khan,daltonkhan237@gmail.com,+917900520057,1965-10-08,Indain,Ernakulam,Canada,Retired,VIP,2024-05-23
482,CUST31,Johnathan,Davis,johnathandavis649@gmail.com,+917293482659,1977-06-06,Indain,Thiruvananthapuram,Italy,Retired,Regular,2025-01-11
483,CUST365,Linda,Clark,lindaclark566@gmail.com,+917403111666,1990-05-23,Indain,Kottayam,Bahrain,Retired,Regular,2022-09-22
484,CUST634,Barbara,Spears,barbaraspears302@gmail.com,+917856905222,2001-01-14,Indain,Kannur,Denmark,Student,Regular,2023-06-05
485,CUST275,William,Thornton,williamthornton157@gmail.com,+917408021882,1983-05-07,Indain,Thrissur,Luxembourg,Working Professional,New,2020-07-23
486,CUST399,Lisa,Mason,lisamason324@gmail.com,+917387298927,1972-06-11,Indain,Ernakulam,Kuwait,Student,VIP,2024-02-20
487,CUST456,Steven,Roy,stevenroy368@gmail.com,+917817489574,1987-10-13,Indain,Kasaragod,Qatar,Working Professional,Regular,2023-07-24
488,CUST192,Tiffany,Bernard,tiffanybernard441@gmail.com,+917481942228,2000-05-11,Indain,Malappuram,Netherlands,Retired,Regular,2023-11-03
489,CUST27,Kenneth,Harris,kennethharris91@gmail.com,+917380012570,1971-07-26,Indain,Malappuram,Kuwait,Business,VIP,2020-11-07
490,CUST13,Erik,Garner,erikgarner298@gmail.com,+917444325176,1981-03-11,Indain,Kottayam,Austria,Student,New,2023-12-30
491,CUST573,Kathleen,Lopez,kathleenlopez926@gmail.com,+917260642799,2000-06-09,Indain,Palakkad,France,Working Professional,New,2023-11-21
492,CUST390,Richard,Norris,richardnorris173@gmail.com,+917149078381,1991-10-26,Indain,Kasaragod,United Kingdom,Business,VIP,2022-02-18
493,CUST150,Jim,Taylor,jimtaylor64@gmail.com,+917179537578,1976-01-20,Indain,Kottayam,United States,Retired,VIP,2022-05-21
494,CUST496,Gregory,Garcia,gregorygarcia801@gmail.com,+917082593686,2004-02-16,Indain,Kollam,United States,Working Professional,New,2022-03-04
495,CUST641,Stephanie,Duran,stephanieduran507@gmail.com,+917637594763,1978-10-29,Indain,Palakkad,Malaysia,Retired,Regular,2021-05-07
496,CUST139,Kelsey,Wood,kelseywood311@gmail.com,+917007266407,1967-03-03,Indain,Kottayam,Canada,Retired,VIP,2023-10-02
497,CUST451,Kevin,Shannon,kevinshannon342@gmail.com,+917462370643,1986-10-03,Indain,Wayanad,Greece,Working Professional,VIP,2023-08-30
498,CUST329,Brandi,Sullivan,brandisullivan617@gmail.com,+917746564420,1990-07-04,Indain,Kannur,Germany,Business,Regular,2022-08-09
499,CUST408,Christopher,Green,christophergreen991@gmail.com,+917342671456,1999-06-08,Indain,Kasaragod,Belgium,Retired,New,2022-03-20
500,CUST249,Brian,Young,brianyoung333@gmail.com,+917403786306,2000-12-19,Indain,Kasaragod,Greece,Retired,VIP,2022-04-27
501,CUST117,Janice,Taylor,janicetaylor954@gmail.com,+917605429879,1975-09-28,Indain,Kannur,Sweden,Working Professional,New,2022-08-28
502,CUST564,Karen,Reeves,karenreeves27@gmail.com,+917780839406,1984-03-08,Indain,Kozhikode,Denmark,Working Professional,VIP,2024-08-19
503,CUST299,Tonya,Haley,tonyahaley851@gmail.com,+917743926219,1977-01-13,Indain,Ernakulam,Greece,Retired,New,2020-06-18
504,CUST512,Derek,Baldwin,derekbaldwin142@gmail.com,+917680039397,1982-01-13,Indain,Kasaragod,Singapore,Business,New,2020-01-23
505,CUST158,Olivia,Ward,oliviaward732@gmail.com,+917454330180,1989-09-03,Indain,Thiruvananthapuram,South Africa,Student,VIP,2022-05-09
506,CUST613,Paige,Cannon,paigecannon490@gmail.com,+917625179752,1982-10-31,Indain,Kottayam,Netherlands,Retired,New,2022-05-08
507,CUST38,Carl,Cameron,carlcameron809@gmail.com,+917386041850,1982-04-15,Indain,Thrissur,Luxembourg,Student,Regular,2023-08-24
508,CUST255,Tiffany,Walker,tiffanywalker673@gmail.com,+917713709631,1978-10-03,Indain,Kollam,Bahrain,Student,New,2021-07-05
509,CUST661,Marc,Miller,marcmiller693@gmail.com,+917694435663,1986-08-14,Indain,Kottayam,Austria,Business,VIP,2024-09-22
510,CUST109,Sharon,Gould,sharongould10@gmail.com,+917105877984,1991-08-21,Indain,Kasaragod,Singapore,Working Professional,VIP,2022-01-03
511,CUST384,Scott,Smith,scottsmith400@gmail.com,+917497210335,1993-11-20,Indain,Thiruvananthapuram,Ireland,Working Professional,VIP,2022-01-03
512,CUST26,Richard,Wilson,richardwilson494@gmail.com,+917112259020,1975-01-25,Indain,Kasaragod,Jordan,Student,Regular,2024-04-15
513,CUST748,Robert,Nichols,robertnichols145@gmail.com,+917374015041,2005-07-28,Indain,Kasaragod,Canada,Retired,Regular,2020-01-27
514,CUST534,Martin,Elliott,martinelliott494@gmail.com,+917373984594,1991-12-07,Indain,Kozhikode,Qatar,Retired,New,2021-08-15
515,CUST714,Mary,Cook,marycook463@gmail.com,+917342426442,1972-01-13,Indain,Ernakulam,United Kingdom,Student,New,2024-02-14
516,CUST118,Sara,Miller,saramiller23@gmail.com,+917911800092,2003-10-24,Indain,Kollam,Switzerland,Student,New,2024-07-09
517,CUST169,Stephen,Oconnor,stephenoconnor952@gmail.com,+917795094534,1970-08-06,Indain,Kannur,France,Working Professional,New,2022-07-17
518,CUST164,Mariah,Mcknight,mariahmcknight338@gmail.com,+917601133236,1984-04-06,Indain,Kottayam,Italy,Working Professional,VIP,2022-09-25
519,CUST645,Brian,Bullock,brianbullock188@gmail.com,+917200131434,1991-02-11,Indain,Pathanamthitta,Ireland,Retired,VIP,2023-12-29
520,CUST30,Daniel,Roberson,danielroberson755@gmail.com,+917659392301,1996-11-06,Indain,Kannur,Italy,Retired,VIP,2021-01-23
521,CUST5,Lauren,Compton,laurencompton721@gmail.com,+917230635563,1992-05-01,Indain,Kannur,United States,Student,New,2024-09-28
522,CUST105,Joseph,Levine,josephlevine818@gmail.com,+917936280674,1988-11-03,Indain,Malappuram,Bahrain,Business,VIP,2024-04-18
523,CUST202,Rick,Miller,rickmiller468@gmail.com,+917122358216,1973-12-14,Indain,Kasaragod,Ireland,Retired,New,2020-12-18
524,CUST655,David,Walker,davidwalker320@gmail.com,+917640992546,1969-08-31,Indain,Kottayam,Norway,Retired,New,2021-05-13
525,CUST117,Margaret,Taylor,margarettaylor356@gmail.com,+917377940931,1993-09-14,Indain,Wayanad,Italy,Working Professional,New,2020-02-25
526,CUST723,Dennis,Cook,denniscook819@gmail.com,+917319378952,1970-06-07,Indain,Palakkad,Sweden,Student,New,2023-11-11
527,CUST138,Christina,Valdez,christinavaldez320@gmail.com,+917126552991,1998-12-02,Indain,Kannur,United Kingdom,Student,Regular,2022-09-11
528,CUST383,Patricia,Ferguson,patriciaferguson710@gmail.com,+917151782582,1978-07-31,Indain,Malappuram,South Africa,Retired,New,2022-10-01
529,CUST142,Zachary,Davis,zacharydavis588@gmail.com,+917412005439,1998-09-29,Indain,Kottayam,Bahrain,Retired,New,2021-07-18
530,CUST551,Lonnie,Stewart,lonniestewart710@gmail.com,+917986941600,1991-05-14,Indain,Pathanamthitta,Bahrain,Working Professional,VIP,2024-04-12
531,CUST296,Leslie,Richardson,leslierichardson143@gmail.com,+917200895568,1990-05-22,Indain,Kollam,Greece,Retired,New,2021-03-23
532,CUST55,Susan,Pacheco,susanpacheco886@gmail.com,+917385515372,1988-01-06,Indain,Alappuzha,Germany,Working Professional,Regular,2024-10-06
533,CUST394,James,Dunlap,jamesdunlap986@gmail.com,+917602994164,2007-03-30,Indain,Malappuram,Switzerland,Retired,VIP,2023-02-25
534,CUST702,Antonio,Sanchez,antoniosanchez503@gmail.com,+917446279777,1966-12-26,Indain,Thrissur,Greece,Retired,VIP,2020-11-17
535,CUST172,Brian,Mason,brianmason84@gmail.com,+917607091264,2002-10-18,Indain,Alappuzha,Luxembourg,Working Professional,VIP,2022-03-05
536,CUST34,Adam,Wilson,adamwilson281@gmail.com,+917241423782,1969-02-14,Indain,Malappuram,United Kingdom,Working Professional,VIP,2024-02-15
537,CUST580,Kerri,Crawford,kerricrawford760@gmail.com,+917829516706,1977-11-17,Indain,Thiruvananthapuram,Germany,Student,New,2021-07-27
538,CUST117,Joanne,Johnson,joannejohnson274@gmail.com,+917832271276,1984-12-03,Indain,Malappuram,Greece,Business,New,2021-02-01
539,CUST43,Edward,Lewis,edwardlewis778@gmail.com,+917771999153,1968-12-23,Indain,Kozhikode,Netherlands,Working Professional,VIP,2022-03-02
540,CUST105,Teresa,Green,teresagreen753@gmail.com,+917891281644,1971-09-21,Indain,Pathanamthitta,Austria,Working Professional,VIP,2021-06-29
541,CUST34,Crystal,Suarez,crystalsuarez460@gmail.com,+917282195698,1969-11-04,Indain,Kollam,Greece,Student,VIP,2023-11-18
542,CUST121,Elaine,Diaz,elainediaz794@gmail.com,+917871759086,1998-06-13,Indain,Kannur,Malaysia,Business,New,2025-04-02
543,CUST625,Michael,Mccormick,michaelmccormick647@gmail.com,+917459740884,1966-01-05,Indain,Idukki,Norway,Working Professional,Regular,2024-07-02
544,CUST212,Elizabeth,Henry,elizabethhenry824@gmail.com,+917063734988,1975-05-30,Indain,Palakkad,Australia,Business,New,2020-01-13
545,CUST552,Melinda,Martinez,melindamartinez172@gmail.com,+917347520416,2002-05-24,Indain,Thrissur,United Kingdom,Business,New,2020-07-03
546,CUST274,Allen,Chang,allenchang975@gmail.com,+917921288574,1990-06-11,Indain,Malappuram,Ireland,Student,Regular,2022-08-09
547,CUST422,Sandra,Cooper,sandracooper940@gmail.com,+917063657733,2003-07-09,Indain,Kasaragod,Switzerland,Working Professional,New,2020-11-21
548,CUST136,Kevin,Archer,kevinarcher255@gmail.com,+917157027702,1989-04-18,Indain,Thrissur,Canada,Working Professional,New,2022-04-13
549,CUST403,Patrick,Fowler,patrickfowler501@gmail.com,+917152655630,1981-11-15,Indain,Palakkad,Switzerland,Business,New,2022-01-15
550,CUST425,Mary,Mata,marymata384@gmail.com,+917485322421,1983-06-28,Indain,Ernakulam,Switzerland,Student,VIP,2023-10-15
551,CUST528,Erika,Brooks,erikabrooks767@gmail.com,+917298742558,1977-11-13,Indain,Thrissur,Australia,Retired,VIP,2022-01-12
552,CUST336,Stacy,Elliott,stacyelliott595@gmail.com,+917002655449,1977-12-07,Indain,Wayanad,Austria,Student,New,2020-08-09
553,CUST470,Darlene,Palmer,darlenepalmer650@gmail.com,+917713118992,1973-12-30,Indain,Thrissur,Australia,Student,New,2023-08-21
554,CUST408,Julia,Beck,juliabeck223@gmail.com,+917461325766,1969-05-22,Indain,Wayanad,Malaysia,Retired,VIP,2020-01-01
555,CUST331,Shawn,Fischer,shawnfischer848@gmail.com,+917304505751,1981-03-16,Indain,Kollam,Netherlands,Working Professional,New,2020-07-31
556,CUST497,Charles,Larson,charleslarson807@gmail.com,+917369087606,1992-02-01,Indain,Pathanamthitta,Austria,Student,Regular,2022-12-22
557,CUST102,Matthew,Patrick,matthewpatrick641@gmail.com,+917841695219,2004-02-18,Indain,Wayanad,Italy,Student,Regular,2021-10-18
558,CUST162,Ricardo,Pratt,ricardopratt451@gmail.com,+917490182620,1990-12-29,Indain,Alappuzha,Jordan,Working Professional,New,2020-05-16
559,CUST136,William,Garrett,williamgarrett903@gmail.com,+917697929178,1987-06-06,Indain,Kasaragod,Bahrain,Business,Regular,2023-12-28
560,CUST671,Pamela,Johnson,pamelajohnson369@gmail.com,+917268853440,1989-05-24,Indain,Ernakulam,Australia,Working Professional,Regular,2020-03-15
561,CUST406,Daniel,Greer,danielgreer640@gmail.com,+917328038048,1999-07-17,Indain,Thrissur,Denmark,Working Professional,VIP,2020-09-05
562,CUST672,Sue,Lamb,suelamb93@gmail.com,+917755590022,1971-10-27,Indain,Ernakulam,United Arab Emirates,Working Professional,VIP,2023-08-25
563,CUST80,Marcus,Thomas,marcusthomas135@gmail.com,+917637458510,1974-03-14,Indain,Kannur,France,Retired,Regular,2022-03-19
564,CUST9,Barbara,Fletcher,barbarafletcher712@gmail.com,+917368909933,1967-09-17,Indain,Wayanad,Qatar,Retired,New,2022-04-25
565,CUST136,Krista,Parker,kristaparker489@gmail.com,+917076051319,1969-01-09,Indain,Kannur,South Africa,Student,New,2020-05-16
566,CUST105,Michael,Ball,michaelball105@gmail.com,+917336458586,1992-07-14,Indain,Kollam,United Kingdom,Working Professional,VIP,2021-10-23
567,CUST137,Elizabeth,Good,elizabethgood656@gmail.com,+917727070406,1993-11-02,Indain,Idukki,Kuwait,Student,New,2021-09-29
568,CUST666,Brenda,Spence,brendaspence168@gmail.com,+917472553155,1986-04-23,Indain,Kollam,Belgium,Working Professional,New,2023-10-05
569,CUST156,Michael,Cox,michaelcox941@gmail.com,+917442070132,1999-09-25,Indain,Palakkad,Ireland,Retired,Regular,2020-02-11
570,CUST89,Fernando,Orr,fernandoorr918@gmail.com,+917107873599,1977-03-22,Indain,Idukki,Austria,Student,New,2024-02-02
571,CUST748,Robert,Bray,robertbray393@gmail.com,+917377458516,1988-04-10,Indain,Kottayam,Canada,Working Professional,Regular,2021-11-17
572,CUST284,Samuel,Abbott,samuelabbott660@gmail.com,+917090461372,2004-07-09,Indain,Kannur,Netherlands,Business,New,2021-09-02
573,CUST28,Benjamin,Buchanan,benjaminbuchanan868@gmail.com,+917909534510,1993-05-13,Indain,Pathanamthitta,United Kingdom,Working Professional,New,2022-12-14
574,CUST622,Daniel,Salazar,danielsalazar521@gmail.com,+917202557660,1984-04-02,Indain,Thrissur,South Africa,Business,New,2023-10-18
575,CUST56,Elizabeth,Patrick,elizabethpatrick802@gmail.com,+917964126268,1967-03-31,Indain,Thiruvananthapuram,Singapore,Retired,VIP,2023-08-27
576,CUST116,Douglas,Savage,douglassavage246@gmail.com,+917536422667,1970-12-16,Indain,Pathanamthitta,Norway,Student,New,2021-12-27
577,CUST13,Amy,George,amygeorge369@gmail.com,+917339809925,1996-01-17,Indain,Idukki,South Africa,Retired,VIP,2021-06-24
578,CUST560,Courtney,Ryan,courtneyryan699@gmail.com,+917185510711,1973-08-05,Indain,Thiruvananthapuram,Germany,Student,Regular,2024-03-09
579,CUST602,Jennifer,Burton,jenniferburton69@gmail.com,+917014810579,1985-08-22,Indain,Kasaragod,Malaysia,Student,Regular,2021-10-11
580,CUST408,David,Thomas,davidthomas518@gmail.com,+917307613928,1984-03-07,Indain,Pathanamthitta,Denmark,Retired,VIP,2023-12-25
581,CUST719,Jennifer,Smith,jennifersmith411@gmail.com,+917088506190,1968-09-22,Indain,Pathanamthitta,Netherlands,Working Professional,VIP,2021-08-07
582,CUST86,Rebecca,Ballard,rebeccaballard317@gmail.com,+917084848753,1968-04-15,Indain,Malappuram,Malaysia,Working Professional,New,2021-01-22
583,CUST335,Phillip,Allen,phillipallen400@gmail.com,+917629682105,2003-01-14,Indain,Pathanamthitta,Austria,Student,VIP,2021-10-11
584,CUST716,Kristie,Watson,kristiewatson447@gmail.com,+917783786839,1976-11-22,Indain,Wayanad,Singapore,Student,Regular,2024-10-19
585,CUST89,Rachel,Moss,rachelmoss946@gmail.com,+917466523205,1967-12-13,Indain,Ernakulam,Italy,Student,VIP,2020-01-08
586,CUST683,Stephanie,Bruce,stephaniebruce759@gmail.com,+917706578337,1971-08-28,Indain,Thrissur,Bahrain,Student,Regular,2024-09-21
587,CUST725,Glenn,Johnson,glennjohnson140@gmail.com,+917753229478,1988-09-22,Indain,Alappuzha,Bahrain,Retired,VIP,2021-12-12
588,CUST536,Lori,Pace,loripace529@gmail.com,+917840725996,1976-05-20,Indain,Wayanad,Belgium,Business,Regular,2022-05-19
589,CUST381,Brandon,Lewis,brandonlewis129@gmail.com,+917805066256,1979-07-13,Indain,Thiruvananthapuram,United States,Student,Regular,2020-11-08
590,CUST344,Randy,Buck,randybuck826@gmail.com,+917460983746,1967-06-23,Indain,Kasaragod,France,Student,VIP,2020-07-11
591,CUST730,Sherry,White,sherrywhite998@gmail.com,+917619175016,1969-06-12,Indain,Pathanamthitta,Kuwait,Retired,VIP,2023-06-06
592,CUST524,Roberto,Williams,robertowilliams368@gmail.com,+917059527291,1997-07-12,Indain,Kozhikode,Sweden,Working Professional,VIP,2024-08-27
593,CUST162,Rachel,Gomez,rachelgomez261@gmail.com,+917830355646,2000-10-31,Indain,Ernakulam,Sweden,Student,Regular,2024-01-20
594,CUST522,Michael,Duncan,michaelduncan2@gmail.com,+917047285340,1967-08-18,Indain,Wayanad,United Arab Emirates,Working Professional,Regular,2023-11-19
595,CUST484,Joseph,Jones,josephjones372@gmail.com,+917411221078,1998-03-26,Indain,Idukki,Bahrain,Student,New,2020-08-08
596,CUST732,Amber,Brown,amberbrown758@gmail.com,+917704056048,2005-05-03,Indain,Kottayam,Singapore,Business,Regular,2020-09-25
597,CUST427,Brianna,Young,briannayoung937@gmail.com,+917773403266,1990-10-01,Indain,Kollam,United States,Student,New,2024-07-10
598,CUST382,Michael,Miller,michaelmiller122@gmail.com,+917539062353,2002-03-16,Indain,Pathanamthitta,Saudi Arabia,Working Professional,Regular,2022-12-22
599,CUST529,Sean,Burns,seanburns47@gmail.com,+917430489781,2005-06-30,Indain,Ernakulam,Italy,Business,VIP,2022-01-22
600,CUST336,Michael,Andrews,michaelandrews88@gmail.com,+917593877361,1978-10-11,Indain,Kozhikode,United Arab Emirates,Business,Regular,2023-08-25
601,CUST299,Micheal,Roberts,michealroberts577@gmail.com,+917842358213,1982-06-04,Indain,Kasaragod,Belgium,Working Professional,VIP,2022-06-21
602,CUST378,Brenda,Alexander,brendaalexander605@gmail.com,+917529741991,1997-08-01,Indain,Thiruvananthapuram,Austria,Working Professional,New,2025-03-16
603,CUST560,Kelly,Dunlap,kellydunlap778@gmail.com,+917854670083,2005-08-17,Indain,Kannur,Oman,Student,VIP,2022-05-08
604,CUST25,Christopher,Macias,christophermacias238@gmail.com,+917581479730,1983-10-04,Indain,Kollam,Switzerland,Student,VIP,2022-03-30
605,CUST2,Olivia,Oliver,oliviaoliver777@gmail.com,+917705774632,1995-11-30,Indain,Kottayam,Belgium,Business,Regular,2024-01-23
606,CUST211,Matthew,Williams,matthewwilliams542@gmail.com,+917255730504,1985-12-18,Indain,Kottayam,Germany,Student,Regular,2021-09-20
607,CUST729,Derrick,Atkins,derrickatkins286@gmail.com,+917099886596,2001-06-05,Indain,Alappuzha,Singapore,Retired,New,2024-08-23
608,CUST382,Lauren,Johnson,laurenjohnson469@gmail.com,+917803050869,2001-05-29,Indain,Ernakulam,Sweden,Student,New,2023-07-29
609,CUST137,Amy,Thomas,amythomas652@gmail.com,+917880428452,1994-05-13,Indain,Kottayam,Kuwait,Student,VIP,2022-12-27
610,CUST679,Julie,Scott,juliescott987@gmail.com,+917140346956,1995-01-30,Indain,Kannur,United Kingdom,Business,VIP,2021-11-27
611,CUST403,Antonio,White,antoniowhite717@gmail.com,+917893245640,1966-09-02,Indain,Thrissur,Canada,Business,VIP,2023-02-20
612,CUST279,Christopher,May,christophermay239@gmail.com,+917080195016,2002-07-15,Indain,Kannur,Oman,Student,Regular,2020-05-30
613,CUST109,Deanna,Carter,deannacarter168@gmail.com,+917482718617,1996-03-27,Indain,Kozhikode,Canada,Retired,Regular,2023-08-20
614,CUST549,Angela,Fisher,angelafisher366@gmail.com,+917827142786,1977-04-26,Indain,Kannur,Italy,Business,VIP,2024-08-14
615,CUST272,Stanley,Gaines,stanleygaines872@gmail.com,+917128756206,1981-02-14,Indain,Ernakulam,Bahrain,Business,New,2020-02-17
616,CUST714,Angela,Wright,angelawright617@gmail.com,+917043303806,2006-11-11,Indain,Kannur,Greece,Business,Regular,2020-09-27
617,CUST94,Gary,Leonard,garyleonard728@gmail.com,+917266522892,2006-02-08,Indain,Kollam,South Africa,Student,New,2020-04-24
618,CUST307,Tina,Harding,tinaharding266@gmail.com,+917880564513,1997-07-05,Indain,Idukki,United Arab Emirates,Retired,VIP,2020-03-18
619,CUST570,Cynthia,Kent,cynthiakent766@gmail.com,+917590687810,1977-05-22,Indain,Kannur,Qatar,Retired,Regular,2020-10-24
620,CUST144,David,Ward,davidward124@gmail.com,+917012838650,2003-02-15,Indain,Alappuzha,Greece,Working Professional,Regular,2023-10-22
621,CUST203,Sandra,Johnson,sandrajohnson843@gmail.com,+917430121446,1968-09-03,Indain,Kollam,Ireland,Student,New,2023-06-23
622,CUST601,Cathy,Torres,cathytorres265@gmail.com,+917985081432,1969-12-03,Indain,Wayanad,Kuwait,Student,Regular,2024-07-26
623,CUST203,Tara,Cunningham,taracunningham924@gmail.com,+917693623149,1974-12-27,Indain,Kozhikode,Luxembourg,Working Professional,Regular,2023-06-10
624,CUST340,Jeremiah,Robinson,jeremiahrobinson125@gmail.com,+917045844821,1980-05-22,Indain,Kozhikode,Saudi Arabia,Working Professional,New,2021-04-18
625,CUST444,Adam,Johnson,adamjohnson841@gmail.com,+917777851703,1966-02-23,Indain,Kottayam,Germany,Student,VIP,2023-03-04
626,CUST700,Patricia,Benson,patriciabenson436@gmail.com,+917185550328,2003-05-30,Indain,Kollam,Malaysia,Working Professional,VIP,2024-04-12
627,CUST287,David,Gomez,davidgomez456@gmail.com,+917948569080,1982-08-29,Indain,Idukki,Saudi Arabia,Working Professional,New,2020-01-17
628,CUST303,Lori,Lynch,lorilynch510@gmail.com,+917442373256,1980-10-04,Indain,Malappuram,Germany,Student,Regular,2024-09-11
629,CUST287,Todd,Vang,toddvang392@gmail.com,+917147356051,1970-03-08,Indain,Kottayam,Malaysia,Working Professional,New,2024-10-24
630,CUST557,John,Smith,johnsmith813@gmail.com,+917020970156,1983-11-04,Indain,Kottayam,Luxembourg,Business,VIP,2020-09-30
631,CUST558,Lucas,Dorsey,lucasdorsey800@gmail.com,+917520420638,1979-05-04,Indain,Kollam,Sweden,Business,VIP,2022-12-13
632,CUST277,Austin,Gamble,austingamble184@gmail.com,+917027984900,2006-07-29,Indain,Kollam,Norway,Working Professional,Regular,2023-06-03
633,CUST288,Cindy,Kennedy,cindykennedy59@gmail.com,+917868285490,1978-06-29,Indain,Kozhikode,France,Business,New,2025-03-02
634,CUST239,Aaron,Hansen,aaronhansen997@gmail.com,+917171395839,2006-01-11,Indain,Ernakulam,Singapore,Working Professional,VIP,2024-10-18
635,CUST547,Melissa,Smith,melissasmith835@gmail.com,+917849584483,2001-01-13,Indain,Thrissur,Saudi Arabia,Working Professional,New,2020-10-26
636,CUST398,Joseph,Perry,josephperry363@gmail.com,+917901108031,1987-06-22,Indain,Wayanad,Bahrain,Working Professional,Regular,2022-08-16
637,CUST607,Theresa,Johnston,theresajohnston325@gmail.com,+917865661638,1996-06-27,Indain,Thrissur,Denmark,Business,New,2020-12-31
638,CUST29,Tiffany,Eaton,tiffanyeaton720@gmail.com,+917752221438,2006-11-07,Indain,Kollam,Sweden,Working Professional,New,2021-07-06
639,CUST193,Chloe,Smith,chloesmith856@gmail.com,+917870161616,1987-03-11,Indain,Kozhikode,Netherlands,Business,Regular,2022-12-30
640,CUST503,Miguel,Parker,miguelparker38@gmail.com,+917096913120,1975-03-26,Indain,Alappuzha,Singapore,Working Professional,Regular,2022-09-01
641,CUST540,Christian,Johnson,christianjohnson489@gmail.com,+917000733897,1998-09-02,Indain,Kollam,Norway,Working Professional,Regular,2023-12-13
642,CUST349,Elizabeth,Parker,elizabethparker734@gmail.com,+917190546084,1967-02-08,Indain,Thiruvananthapuram,Canada,Student,Regular,2021-02-15
643,CUST152,Steven,Perez,stevenperez600@gmail.com,+917756661933,1990-09-22,Indain,Idukki,Austria,Student,New,2020-09-09
644,CUST374,John,Rogers,johnrogers983@gmail.com,+917077880216,1972-04-09,Indain,Kollam,Denmark,Retired,New,2022-07-09
645,CUST104,David,Hendricks,davidhendricks344@gmail.com,+917324017866,1968-01-18,Indain,Kollam,Oman,Working Professional,New,2020-11-01
646,CUST448,Kyle,Bray,kylebray810@gmail.com,+917686406624,1971-02-12,Indain,Kozhikode,Switzerland,Business,Regular,2023-06-24
647,CUST725,Rebecca,Butler,rebeccabutler991@gmail.com,+917603418543,2002-12-22,Indain,Thrissur,Norway,Business,Regular,2022-07-19
648,CUST682,Courtney,Houston,courtneyhouston603@gmail.com,+917874513582,1972-08-20,Indain,Idukki,South Africa,Business,New,2021-05-31
649,CUST706,Alejandro,Stark,alejandrostark301@gmail.com,+917136739271,1975-06-20,Indain,Idukki,Belgium,Student,New,2025-03-26
650,CUST587,Christopher,Taylor,christophertaylor400@gmail.com,+917913493328,1969-07-05,Indain,Thiruvananthapuram,Sweden,Student,Regular,2022-11-08
651,CUST617,Jessica,Robinson,jessicarobinson325@gmail.com,+917988957253,1987-06-12,Indain,Thiruvananthapuram,Norway,Working Professional,New,2021-01-16
652,CUST580,James,Peterson,jamespeterson106@gmail.com,+917532774653,1988-06-18,Indain,Idukki,Canada,Student,Regular,2025-03-05
653,CUST356,Jason,Calhoun,jasoncalhoun327@gmail.com,+917180267742,2000-09-11,Indain,Pathanamthitta,Kuwait,Business,VIP,2020-03-07
654,CUST12,Mariah,Lopez,mariahlopez271@gmail.com,+917225146786,2004-07-28,Indain,Kannur,Denmark,Student,VIP,2022-11-06
655,CUST263,Gregory,Flynn,gregoryflynn805@gmail.com,+917116001265,1990-06-30,Indain,Thrissur,United Arab Emirates,Student,VIP,2025-04-06
656,CUST449,Shane,Gonzales,shanegonzales750@gmail.com,+917450599217,1987-05-01,Indain,Idukki,Jordan,Retired,VIP,2024-12-02
657,CUST360,Jerry,Gutierrez,jerrygutierrez559@gmail.com,+917403026384,2007-04-06,Indain,Ernakulam,Greece,Retired,New,2020-12-17
658,CUST667,Nicole,Petersen,nicolepetersen776@gmail.com,+917737832868,1997-01-09,Indain,Kannur,Bahrain,Retired,Regular,2022-07-17
659,CUST35,Jason,Lara,jasonlara301@gmail.com,+917021558591,1983-04-29,Indain,Kollam,United States,Student,Regular,2024-04-10
660,CUST351,Evelyn,Lara,evelynlara174@gmail.com,+917953408941,1999-07-19,Indain,Kottayam,Bahrain,Student,New,2023-02-25
661,CUST96,Nicholas,Butler,nicholasbutler346@gmail.com,+917637835435,1999-12-25,Indain,Palakkad,Germany,Student,VIP,2020-08-12
662,CUST670,Lori,Clark,loriclark168@gmail.com,+917652102334,1976-05-19,Indain,Kottayam,Bahrain,Student,Regular,2024-09-27
663,CUST340,Raymond,Monroe,raymondmonroe210@gmail.com,+917203994042,1979-11-13,Indain,Kottayam,Denmark,Business,New,2024-09-27
664,CUST289,Dawn,Good,dawngood304@gmail.com,+917255065530,1994-08-22,Indain,Ernakulam,Saudi Arabia,Retired,New,2021-07-26
665,CUST563,Michelle,Boyd,michelleboyd860@gmail.com,+917527151698,1998-12-19,Indain,Idukki,Saudi Arabia,Business,Regular,2021-08-17
666,CUST438,Jake,Garcia,jakegarcia89@gmail.com,+917316270056,1965-12-18,Indain,Wayanad,Ireland,Retired,Regular,2024-02-20
667,CUST100,Tammy,Mcdonald,tammymcdonald26@gmail.com,+917222214072,1979-04-29,Indain,Idukki,Switzerland,Business,Regular,2022-05-08
668,CUST485,George,Ayers,georgeayers864@gmail.com,+917124026766,1965-05-27,Indain,Kasaragod,Luxembourg,Retired,VIP,2022-09-09
669,CUST501,Laura,Medina,lauramedina916@gmail.com,+917709786356,1996-07-22,Indain,Kasaragod,Kuwait,Retired,Regular,2020-12-13
670,CUST380,Courtney,Salas,courtneysalas906@gmail.com,+917409573649,2005-07-15,Indain,Kollam,Bahrain,Retired,Regular,2023-10-13
671,CUST270,Ashley,Johnson,ashleyjohnson450@gmail.com,+917499352182,1985-07-30,Indain,Kasaragod,Singapore,Business,New,2020-01-10
672,CUST64,Jonathan,Griffith,jonathangriffith154@gmail.com,+917807706333,1981-02-16,Indain,Thrissur,Ireland,Student,Regular,2023-09-19
673,CUST685,Michelle,Tran,michelletran352@gmail.com,+917867776836,1964-05-31,Indain,Malappuram,Jordan,Working Professional,New,2022-09-22
674,CUST63,Joshua,Rowe,joshuarowe860@gmail.com,+917415652006,1967-07-16,Indain,Wayanad,France,Retired,New,2023-09-14
675,CUST704,Gabriel,Shaw,gabrielshaw887@gmail.com,+917509838807,2003-04-29,Indain,Palakkad,Singapore,Retired,VIP,2024-07-02
676,CUST81,Tammy,Mason,tammymason404@gmail.com,+917969349638,1991-06-17,Indain,Wayanad,Denmark,Student,New,2021-02-16
677,CUST585,Chad,Farrell,chadfarrell922@gmail.com,+917554928450,1993-08-15,Indain,Thiruvananthapuram,Sweden,Working Professional,Regular,2021-09-11
678,CUST460,Stacie,Ramos,stacieramos177@gmail.com,+917179491823,1979-11-16,Indain,Kannur,Luxembourg,Working Professional,Regular,2024-07-19
679,CUST44,Susan,Martinez,susanmartinez433@gmail.com,+917084147554,1970-05-11,Indain,Pathanamthitta,Jordan,Working Professional,New,2024-08-23
680,CUST152,Danny,Carroll,dannycarroll854@gmail.com,+917638927559,1971-06-07,Indain,Kasaragod,Canada,Student,Regular,2021-02-26
681,CUST398,David,Nichols,davidnichols569@gmail.com,+917426656677,2000-06-05,Indain,Malappuram,Canada,Business,New,2021-08-01
682,CUST470,William,Lawson,williamlawson939@gmail.com,+917937877255,1995-11-13,Indain,Alappuzha,Luxembourg,Retired,Regular,2021-10-03
683,CUST425,Megan,Erickson,meganerickson153@gmail.com,+917159128258,1986-05-13,Indain,Palakkad,Sweden,Student,Regular,2024-08-07
684,CUST577,Kim,Gonzalez,kimgonzalez798@gmail.com,+917108437656,1992-07-09,Indain,Thiruvananthapuram,United Kingdom,Business,VIP,2023-12-08
685,CUST271,Maria,Carter,mariacarter392@gmail.com,+917703072911,1974-10-07,Indain,Kozhikode,Sweden,Retired,Regular,2025-01-25
686,CUST177,Krista,Hart,kristahart282@gmail.com,+917432689999,1998-10-09,Indain,Idukki,Norway,Retired,Regular,2024-06-04
687,CUST406,Bryan,Martinez,bryanmartinez910@gmail.com,+917943773575,1973-08-21,Indain,Kollam,Denmark,Working Professional,Regular,2021-04-26
688,CUST487,Karen,Walker,karenwalker942@gmail.com,+917288390253,1996-02-09,Indain,Kollam,United Arab Emirates,Business,VIP,2023-06-26
689,CUST319,Brian,Carlson,briancarlson287@gmail.com,+917904999611,1989-11-30,Indain,Kozhikode,Denmark,Student,Regular,2020-06-03
690,CUST138,Keith,Reese,keithreese307@gmail.com,+917798567178,1980-06-14,Indain,Kozhikode,Austria,Business,VIP,2025-03-25
691,CUST747,Rodney,Fox,rodneyfox426@gmail.com,+917649591392,2005-05-25,Indain,Pathanamthitta,Kuwait,Working Professional,VIP,2023-10-27
692,CUST217,Courtney,Schneider,courtneyschneider935@gmail.com,+917884730446,1966-09-17,Indain,Kottayam,Belgium,Retired,New,2022-11-14
693,CUST383,Angela,Elliott,angelaelliott840@gmail.com,+917060350543,1965-08-26,Indain,Malappuram,Luxembourg,Working Professional,Regular,2021-03-22
694,CUST319,Elaine,Molina,elainemolina726@gmail.com,+917544167285,1987-09-27,Indain,Kottayam,Oman,Student,Regular,2025-01-22
695,CUST198,Julie,Sampson,juliesampson896@gmail.com,+917894351711,1982-10-09,Indain,Kannur,Greece,Student,Regular,2020-11-16
696,CUST34,Autumn,Williams,autumnwilliams467@gmail.com,+917054287614,1978-10-02,Indain,Kollam,Denmark,Working Professional,VIP,2022-10-26
697,CUST378,Barbara,Jones,barbarajones843@gmail.com,+917498450776,1968-06-17,Indain,Malappuram,South Africa,Student,New,2021-03-03
698,CUST32,Julie,Atkins,julieatkins247@gmail.com,+917399933139,2003-06-23,Indain,Kozhikode,Norway,Retired,Regular,2023-01-18
699,CUST486,Joshua,Brady,joshuabrady600@gmail.com,+917591990078,2006-07-20,Indain,Kollam,Australia,Working Professional,VIP,2023-11-08
700,CUST706,Tracy,Howard,tracyhoward92@gmail.com,+917306090918,2005-11-05,Indain,Alappuzha,South Africa,Student,Regular,2020-03-22
701,CUST586,Anthony,Meyer,anthonymeyer798@gmail.com,+917230122826,1969-03-26,Indain,Wayanad,Singapore,Working Professional,New,2022-05-13
702,CUST212,Felicia,Wall,feliciawall275@gmail.com,+917699636574,1996-03-12,Indain,Kottayam,France,Student,New,2023-06-05
703,CUST10,Michelle,Burns,michelleburns485@gmail.com,+917978732255,1981-09-04,Indain,Idukki,Switzerland,Working Professional,New,2023-06-15
704,CUST9,Nicole,Nguyen,nicolenguyen229@gmail.com,+917271002172,1983-08-15,Indain,Palakkad,Luxembourg,Business,New,2020-04-11
705,CUST727,Elizabeth,Perez,elizabethperez658@gmail.com,+917295685474,1997-12-15,Indain,Kottayam,South Africa,Business,VIP,2023-02-19
706,CUST259,Tyrone,Huang,tyronehuang223@gmail.com,+917501113183,1968-07-30,Indain,Kasaragod,Ireland,Retired,New,2025-01-24
707,CUST105,Connie,Diaz,conniediaz7@gmail.com,+917549233665,2001-08-23,Indain,Pathanamthitta,Greece,Business,New,2021-02-25
708,CUST663,Kurt,Marshall,kurtmarshall608@gmail.com,+917653962570,1998-12-09,Indain,Kasaragod,United Kingdom,Student,VIP,2022-09-23
709,CUST66,Samantha,Morales,samanthamorales344@gmail.com,+917296871629,1996-07-13,Indain,Pathanamthitta,Canada,Business,VIP,2023-05-05
710,CUST672,Deborah,Roberts,deborahroberts728@gmail.com,+917958179065,2005-07-05,Indain,Pathanamthitta,United Kingdom,Working Professional,Regular,2020-10-20
711,CUST530,James,Miller,jamesmiller783@gmail.com,+917258022386,1987-01-25,Indain,Alappuzha,Luxembourg,Retired,New,2022-02-28
712,CUST328,Gabriel,Watkins,gabrielwatkins697@gmail.com,+917150248163,2004-03-01,Indain,Thrissur,United Arab Emirates,Retired,VIP,2020-11-16
713,CUST266,Keith,Huber,keithhuber928@gmail.com,+917449431487,1968-07-12,Indain,Kottayam,South Africa,Student,New,2023-07-12
714,CUST726,Nathan,Holt,nathanholt585@gmail.com,+917876189113,1979-02-18,Indain,Kannur,Canada,Working Professional,New,2023-03-24
715,CUST548,Kristen,Mcknight,kristenmcknight653@gmail.com,+917842776797,1976-02-05,Indain,Kozhikode,Ireland,Business,New,2022-02-20
716,CUST308,Christopher,Parker,christopherparker865@gmail.com,+917182521788,1992-12-30,Indain,Wayanad,Ireland,Working Professional,VIP,2021-08-12
717,CUST100,Brittany,Garrett,brittanygarrett482@gmail.com,+917137378973,1972-09-30,Indain,Thrissur,United States,Working Professional,New,2024-01-04
718,CUST344,Leslie,Payne,lesliepayne670@gmail.com,+917095884955,1997-11-15,Indain,Kannur,Australia,Working Professional,New,2022-06-05
719,CUST315,Shawn,Fischer,shawnfischer430@gmail.com,+917846205663,2004-02-04,Indain,Kollam,Australia,Business,New,2021-09-24
720,CUST302,Amy,Woods,amywoods474@gmail.com,+917913983958,1994-01-03,Indain,Ernakulam,Germany,Student,New,2020-03-06
721,CUST598,Anna,Potts,annapotts594@gmail.com,+917666422911,1975-07-23,Indain,Ernakulam,Germany,Working Professional,New,2024-10-25
722,CUST123,Mary,Hicks,maryhicks888@gmail.com,+917730893658,1972-08-22,Indain,Kottayam,France,Business,VIP,2021-11-08
723,CUST56,Brittany,Cannon,brittanycannon891@gmail.com,+917917232970,2002-04-12,Indain,Idukki,Oman,Working Professional,VIP,2020-08-30
724,CUST420,John,Gomez,johngomez583@gmail.com,+917958685151,1965-10-18,Indain,Kozhikode,Oman,Business,New,2021-09-04
725,CUST185,Dustin,Davis,dustindavis797@gmail.com,+917086770648,1991-02-05,Indain,Kozhikode,Canada,Working Professional,VIP,2020-02-20
726,CUST650,Ryan,Scott,ryanscott59@gmail.com,+917005061082,1975-11-23,Indain,Kozhikode,United States,Working Professional,Regular,2023-12-01
727,CUST591,Sydney,Suarez,sydneysuarez782@gmail.com,+917170118413,1990-11-16,Indain,Kozhikode,Luxembourg,Student,Regular,2021-03-21
728,CUST630,Teresa,Mitchell,teresamitchell444@gmail.com,+917680202067,1967-03-11,Indain,Kottayam,South Africa,Retired,VIP,2021-07-25
729,CUST393,Jesus,Barnes,jesusbarnes4@gmail.com,+917040507249,1983-09-23,Indain,Malappuram,Malaysia,Business,Regular,2020-06-12
730,CUST330,David,Nichols,davidnichols775@gmail.com,+917894672466,1993-08-27,Indain,Malappuram,Malaysia,Student,New,2021-05-08
731,CUST5,Mercedes,Larson,mercedeslarson641@gmail.com,+917787700486,1979-03-09,Indain,Kannur,Singapore,Business,VIP,2021-07-26
732,CUST133,Shane,Smith,shanesmith105@gmail.com,+917411834185,1980-08-10,Indain,Malappuram,Sweden,Business,Regular,2022-11-27
733,CUST67,April,Chase,aprilchase843@gmail.com,+917049089708,1981-06-22,Indain,Kasaragod,United Kingdom,Retired,New,2023-04-28
734,CUST533,Christopher,Snyder,christophersnyder610@gmail.com,+917562767039,1970-09-19,Indain,Kollam,Jordan,Working Professional,VIP,2021-01-22
735,CUST502,Jessica,Shepherd,jessicashepherd367@gmail.com,+917805430477,1991-05-23,Indain,Kannur,Bahrain,Retired,Regular,2020-06-15
736,CUST234,Regina,Torres,reginatorres229@gmail.com,+917780791577,1965-08-11,Indain,Idukki,Malaysia,Student,New,2020-08-01
737,CUST517,Kristine,Mendoza,kristinemendoza173@gmail.com,+917132244172,1993-07-04,Indain,Kollam,Denmark,Student,VIP,2024-07-18
738,CUST656,Kristopher,Sanchez,kristophersanchez261@gmail.com,+917828123020,1987-07-28,Indain,Malappuram,Norway,Student,New,2024-06-17
739,CUST50,Matthew,Nelson,matthewnelson677@gmail.com,+917116085930,1986-04-09,Indain,Pathanamthitta,Greece,Student,Regular,2021-11-24
740,CUST707,Emily,Rodriguez,emilyrodriguez118@gmail.com,+917447509357,2005-05-02,Indain,Kozhikode,South Africa,Student,New,2021-10-19
741,CUST259,Samuel,Graham,samuelgraham485@gmail.com,+917753625262,1980-07-20,Indain,Idukki,Malaysia,Student,VIP,2023-04-12
742,CUST431,Mary,Byrd,marybyrd677@gmail.com,+917108426285,1977-04-24,Indain,Pathanamthitta,France,Business,New,2021-07-13
743,CUST621,Angela,Dickson,angeladickson717@gmail.com,+917147278210,1979-03-23,Indain,Kottayam,Greece,Student,New,2023-09-15
744,CUST737,Jennifer,Brown,jenniferbrown632@gmail.com,+917126416530,1972-11-30,Indain,Kasaragod,Qatar,Student,VIP,2022-03-04
745,CUST204,Anna,Cruz,annacruz623@gmail.com,+917214479266,1994-10-01,Indain,Thiruvananthapuram,United States,Working Professional,VIP,2021-02-04
746,CUST721,Martha,Garcia,marthagarcia419@gmail.com,+917317130941,1982-09-13,Indain,Idukki,Saudi Arabia,Retired,Regular,2023-06-06
747,CUST705,David,Heath,davidheath955@gmail.com,+917516108982,1972-07-18,Indain,Kollam,Singapore,Student,Regular,2023-09-24
748,CUST688,Michelle,Thomas,michellethomas91@gmail.com,+917973755033,1973-02-19,Indain,Ernakulam,Greece,Retired,Regular,2020-07-09
749,CUST93,Jim,Lambert,jimlambert798@gmail.com,+917549439435,1966-10-23,Indain,Ernakulam,Belgium,Student,VIP,2023-05-23
